,date,open,close,high,low,volume,code,m5,m10,m30
0,2012/1/4,6.133,6.04,6.148,6.025,342013,600000,6.040 ,6.040 ,6.040 
1,2012/1/5,6.083,6.212,6.334,6.083,1321162,600000,6.212 ,6.212 ,6.212 
2,2012/1/6,6.198,6.255,6.306,6.191,617786,600000,6.255 ,6.255 ,6.255 
3,2012/1/9,6.262,6.428,6.456,6.234,801362,600000,6.428 ,6.428 ,6.428 
4,2012/1/10,6.428,6.514,6.535,6.377,720046,600000,6.290 ,6.514 ,6.514 
5,2012/1/11,6.499,6.464,6.535,6.449,492611,600000,6.375 ,6.464 ,6.464 
6,2012/1/12,6.464,6.528,6.614,6.456,604869,600000,6.438 ,6.528 ,6.528 
7,2012/1/13,6.543,6.492,6.593,6.442,567253,600000,6.485 ,6.492 ,6.492 
8,2012/1/16,6.464,6.442,6.55,6.435,331001,600000,6.488 ,6.442 ,6.442 
9,2012/1/17,6.464,6.607,6.65,6.313,973572,600000,6.507 ,6.398 ,6.607 
10,2012/1/18,6.578,6.492,6.629,6.464,580892,600000,6.512 ,6.443 ,6.492 
11,2012/1/19,6.499,6.607,6.621,6.478,686455,600000,6.528 ,6.483 ,6.607 
12,2012/1/20,6.643,6.765,6.772,6.586,950527,600000,6.583 ,6.534 ,6.765 
13,2012/1/30,6.751,6.621,6.758,6.607,718831,600000,6.618 ,6.553 ,6.621 
14,2012/1/31,6.636,6.621,6.665,6.578,354641,600000,6.621 ,6.564 ,6.621 
15,2012/2/1,6.607,6.521,6.65,6.499,396478,600000,6.627 ,6.570 ,6.521 
16,2012/2/2,6.55,6.751,6.765,6.521,879733,600000,6.656 ,6.592 ,6.751 
17,2012/2/3,6.715,6.779,6.823,6.693,971353,600000,6.659 ,6.621 ,6.779 
18,2012/2/6,6.794,6.744,6.83,6.672,636912,600000,6.683 ,6.651 ,6.744 
19,2012/2/7,6.693,6.636,6.722,6.593,513914,600000,6.686 ,6.654 ,6.636 
20,2012/2/8,6.629,6.787,6.808,6.629,642707,600000,6.739 ,6.683 ,6.787 
21,2012/2/9,6.787,6.751,6.808,6.722,502738,600000,6.739 ,6.698 ,6.751 
22,2012/2/10,6.722,6.729,6.808,6.693,518364,600000,6.729 ,6.694 ,6.729 
23,2012/2/13,6.643,6.657,6.729,6.593,492049,600000,6.712 ,6.698 ,6.657 
24,2012/2/14,6.636,6.6,6.665,6.557,530248,600000,6.705 ,6.696 ,6.600 
25,2012/2/15,6.578,6.629,6.672,6.564,550647,600000,6.673 ,6.706 ,6.629 
26,2012/2/16,6.643,6.6,6.665,6.564,475017,600000,6.643 ,6.691 ,6.600 
27,2012/2/17,6.643,6.65,6.686,6.607,417432,600000,6.627 ,6.678 ,6.650 
28,2012/2/20,6.758,6.65,6.758,6.643,577400,600000,6.626 ,6.669 ,6.650 
29,2012/2/21,6.657,6.665,6.686,6.607,427573,600000,6.639 ,6.672 ,6.575 
30,2012/2/22,6.665,6.693,6.722,6.607,814477,600000,6.652 ,6.662 ,6.596 
31,2012/2/23,6.693,6.7,6.751,6.665,877548,600000,6.672 ,6.657 ,6.613 
32,2012/2/24,6.715,6.83,6.844,6.686,1283418,600000,6.708 ,6.667 ,6.632 
33,2012/2/27,6.873,6.808,6.909,6.787,1266640,600000,6.739 ,6.683 ,6.644 
34,2012/2/28,6.808,6.937,6.966,6.794,1361211,600000,6.794 ,6.716 ,6.659 
35,2012/2/29,6.945,6.851,6.945,6.83,777578,600000,6.825 ,6.738 ,6.671 
36,2012/3/1,6.823,6.858,6.887,6.815,462378,600000,6.857 ,6.764 ,6.682 
37,2012/3/2,6.858,6.959,6.966,6.851,740131,600000,6.883 ,6.795 ,6.698 
38,2012/3/5,6.995,6.88,7.002,6.88,660980,600000,6.897 ,6.818 ,6.713 
39,2012/3/6,6.844,6.779,6.902,6.758,684503,600000,6.865 ,6.830 ,6.718 
40,2012/3/7,6.744,6.708,6.779,6.7,510772,600000,6.837 ,6.831 ,6.726 
41,2012/3/8,6.744,6.794,6.823,6.729,548285,600000,6.824 ,6.840 ,6.732 
42,2012/3/9,6.801,6.801,6.83,6.765,475105,600000,6.792 ,6.838 ,6.733 
43,2012/3/12,6.779,6.736,6.787,6.7,527843,600000,6.764 ,6.830 ,6.737 
44,2012/3/13,6.744,6.801,6.844,6.715,614301,600000,6.768 ,6.817 ,6.743 
45,2012/3/14,6.844,6.722,6.902,6.693,992803,600000,6.771 ,6.804 ,6.750 
46,2012/3/15,6.722,6.6,6.787,6.578,706738,600000,6.732 ,6.778 ,6.744 
47,2012/3/16,6.643,6.643,6.708,6.607,725845,600000,6.700 ,6.746 ,6.740 
48,2012/3/19,6.65,6.665,6.693,6.636,502280,600000,6.686 ,6.725 ,6.737 
49,2012/3/20,6.643,6.55,6.65,6.55,627255,600000,6.636 ,6.702 ,6.734 
50,2012/3/21,6.593,6.521,6.6,6.478,518670,600000,6.596 ,6.683 ,6.726 
51,2012/3/22,6.528,6.55,6.614,6.485,386511,600000,6.586 ,6.659 ,6.719 
52,2012/3/23,6.535,6.507,6.55,6.478,352684,600000,6.559 ,6.630 ,6.711 
53,2012/3/26,6.499,6.557,6.586,6.499,336928,600000,6.537 ,6.612 ,6.708 
54,2012/3/27,6.571,6.55,6.586,6.521,272946,600000,6.537 ,6.587 ,6.706 
55,2012/3/28,6.55,6.442,6.564,6.413,435653,600000,6.521 ,6.559 ,6.700 
56,2012/3/29,6.42,6.37,6.464,6.356,483914,600000,6.485 ,6.536 ,6.693 
57,2012/3/30,6.406,6.413,6.442,6.377,505870,600000,6.466 ,6.513 ,6.685 
58,2012/4/5,6.392,6.413,6.428,6.327,763520,600000,6.438 ,6.487 ,6.677 
59,2012/4/6,6.413,6.42,6.435,6.349,566824,600000,6.412 ,6.474 ,6.669 
60,2012/4/9,6.385,6.349,6.42,6.341,348898,600000,6.393 ,6.457 ,6.657 
61,2012/4/10,6.363,6.406,6.413,6.306,451470,600000,6.400 ,6.443 ,6.647 
62,2012/4/11,6.37,6.385,6.428,6.356,393970,600000,6.395 ,6.431 ,6.633 
63,2012/4/12,6.385,6.55,6.564,6.37,645716,600000,6.422 ,6.430 ,6.624 
64,2012/4/13,6.543,6.564,6.571,6.478,611756,600000,6.451 ,6.431 ,6.611 
65,2012/4/16,6.521,6.507,6.55,6.492,386147,600000,6.482 ,6.438 ,6.600 
66,2012/4/17,6.507,6.413,6.528,6.413,494660,600000,6.484 ,6.442 ,6.585 
67,2012/4/18,6.413,6.55,6.564,6.406,671179,600000,6.517 ,6.456 ,6.572 
68,2012/4/19,6.535,6.55,6.578,6.507,484880,600000,6.517 ,6.469 ,6.561 
69,2012/4/20,6.535,6.686,6.693,6.528,772408,600000,6.541 ,6.496 ,6.557 
70,2012/4/23,6.657,6.636,6.7,6.614,418390,600000,6.567 ,6.525 ,6.555 
71,2012/4/24,6.629,6.736,6.858,6.621,1131654,600000,6.632 ,6.558 ,6.553 
72,2012/4/25,6.708,6.715,6.779,6.7,664890,600000,6.665 ,6.591 ,6.550 
73,2012/4/26,6.765,6.729,6.794,6.679,538269,600000,6.700 ,6.609 ,6.550 
74,2012/4/27,6.744,6.758,6.787,6.715,471149,600000,6.715 ,6.628 ,6.549 
75,2012/5/2,6.808,6.866,6.887,6.758,1076969,600000,6.761 ,6.664 ,6.553 
76,2012/5/3,6.83,6.794,6.858,6.765,605600,600000,6.772 ,6.702 ,6.560 
77,2012/5/4,6.801,6.815,6.823,6.744,716598,600000,6.792 ,6.729 ,6.566 
78,2012/5/7,6.772,6.765,6.808,6.708,822257,600000,6.800 ,6.750 ,6.569 
79,2012/5/8,6.758,6.722,6.765,6.665,867213,600000,6.792 ,6.754 ,6.575 
80,2012/5/9,6.679,6.607,6.686,6.593,650668,600000,6.741 ,6.751 ,6.578 
81,2012/5/10,6.614,6.578,6.636,6.543,675762,600000,6.697 ,6.735 ,6.578 
82,2012/5/11,6.578,6.578,6.629,6.55,355327,600000,6.650 ,6.721 ,6.581 
83,2012/5/14,6.614,6.521,6.629,6.507,708966,600000,6.601 ,6.700 ,6.580 
84,2012/5/15,6.464,6.492,6.499,6.449,604299,600000,6.555 ,6.674 ,6.578 
85,2012/5/16,6.485,6.399,6.485,6.385,755357,600000,6.514 ,6.627 ,6.576 
86,2012/5/17,6.413,6.442,6.478,6.392,430926,600000,6.486 ,6.592 ,6.579 
87,2012/5/18,6.406,6.363,6.406,6.334,619501,600000,6.443 ,6.547 ,6.577 
88,2012/5/21,6.363,6.37,6.399,6.341,466796,600000,6.413 ,6.507 ,6.576 
89,2012/5/22,6.392,6.435,6.442,6.377,675496,600000,6.402 ,6.479 ,6.576 
90,2012/5/23,6.428,6.385,6.435,6.356,619797,600000,6.399 ,6.456 ,6.577 
91,2012/5/24,6.377,6.356,6.42,6.327,497572,600000,6.382 ,6.434 ,6.576 
92,2012/5/25,6.356,6.313,6.363,6.298,458877,600000,6.372 ,6.408 ,6.573 
93,2012/5/28,6.32,6.37,6.377,6.298,523476,600000,6.372 ,6.393 ,6.567 
94,2012/5/29,6.363,6.428,6.449,6.334,934786,600000,6.370 ,6.386 ,6.563 
95,2012/5/30,6.406,6.334,6.413,6.313,880364,600000,6.360 ,6.380 ,6.557 
96,2012/5/31,6.313,6.298,6.32,6.284,670111,600000,6.349 ,6.365 ,6.553 
97,2012/6/1,6.306,6.306,6.349,6.284,424016,600000,6.347 ,6.360 ,6.545 
98,2012/6/4,6.255,6.169,6.255,6.162,693679,600000,6.307 ,6.339 ,6.532 
99,2012/6/5,6.191,6.148,6.205,6.14,696669,600000,6.251 ,6.311 ,6.514 
100,2012/6/6,6.169,6.191,6.234,6.14,499188,600000,6.222 ,6.291 ,6.499 
101,2012/6/7,6.234,6.148,6.248,6.126,480264,600000,6.192 ,6.271 ,6.480 
102,2012/6/8,6.112,5.99,6.126,5.968,1403897,600000,6.129 ,6.238 ,6.456 
103,2012/6/11,6.004,5.99,6.018,5.968,716448,600000,6.093 ,6.200 ,6.431 
104,2012/6/12,5.968,5.954,5.997,5.882,824312,600000,6.055 ,6.153 ,6.404 
105,2012/6/14,5.961,5.939,5.99,5.925,800174,600000,6.004 ,6.113 ,6.373 
106,2012/6/15,5.968,6.083,6.126,5.954,1342160,600000,5.991 ,6.092 ,6.350 
107,2012/6/18,6.083,6.076,6.09,6.047,502129,600000,6.008 ,6.069 ,6.325 
108,2012/6/19,6.083,6.097,6.133,6.054,470083,600000,6.030 ,6.062 ,6.303 
109,2012/6/20,6.133,6.104,6.183,6.09,500001,600000,6.060 ,6.057 ,6.282 
110,2012/6/21,6.112,6.061,6.112,6.033,394238,600000,6.084 ,6.044 ,6.264 
111,2012/6/25,6.047,5.997,6.09,5.99,527065,600000,6.067 ,6.029 ,6.245 
112,2012/6/26,6.012,6.005,6.049,5.982,399825,600000,6.053 ,6.031 ,6.225 
113,2012/6/27,6.005,5.997,6.027,5.982,269660,600000,6.033 ,6.031 ,6.208 
114,2012/6/28,5.997,5.967,6.012,5.967,288764,600000,6.005 ,6.033 ,6.191 
115,2012/6/29,5.99,6.057,6.079,5.975,509742,600000,6.005 ,6.044 ,6.179 
116,2012/7/2,6.072,6.027,6.072,5.997,436919,600000,6.011 ,6.039 ,6.165 
117,2012/7/3,6.027,6.027,6.072,6.012,400809,600000,6.015 ,6.034 ,6.154 
118,2012/7/4,6.034,6.049,6.094,6.019,395524,600000,6.025 ,6.029 ,6.143 
119,2012/7/5,6.042,6.012,6.049,5.997,336358,600000,6.034 ,6.020 ,6.129 
120,2012/7/6,5.9,5.938,5.938,5.87,1157970,600000,6.011 ,6.008 ,6.114 
121,2012/7/9,5.908,5.714,5.915,5.699,1065354,600000,5.948 ,5.979 ,6.093 
122,2012/7/10,5.714,5.736,5.781,5.707,450897,600000,5.890 ,5.952 ,6.074 
123,2012/7/11,5.729,5.744,5.766,5.714,324256,600000,5.829 ,5.927 ,6.053 
124,2012/7/12,5.744,5.714,5.751,5.647,1009093,600000,5.769 ,5.902 ,6.029 
125,2012/7/13,5.707,5.759,5.803,5.692,452023,600000,5.733 ,5.872 ,6.010 
126,2012/7/16,5.774,5.684,5.774,5.677,465848,600000,5.727 ,5.838 ,5.989 
127,2012/7/17,5.699,5.729,5.759,5.677,302242,600000,5.726 ,5.808 ,5.970 
128,2012/7/18,5.729,5.714,5.729,5.662,476309,600000,5.720 ,5.774 ,5.955 
129,2012/7/19,5.699,5.729,5.759,5.669,773445,600000,5.723 ,5.746 ,5.941 
130,2012/7/20,5.714,5.669,5.722,5.662,555455,600000,5.705 ,5.719 ,5.924 
131,2012/7/23,5.64,5.55,5.64,5.528,645019,600000,5.678 ,5.703 ,5.904 
132,2012/7/24,5.535,5.558,5.587,5.52,483894,600000,5.644 ,5.685 ,5.889 
133,2012/7/25,5.535,5.52,5.587,5.505,475804,600000,5.605 ,5.663 ,5.874 
134,2012/7/26,5.513,5.513,5.55,5.491,303504,600000,5.562 ,5.643 ,5.859 
135,2012/7/27,5.528,5.58,5.632,5.513,585007,600000,5.544 ,5.625 ,5.847 
136,2012/7/30,5.602,5.632,5.699,5.58,621424,600000,5.561 ,5.619 ,5.832 
137,2012/7/31,5.64,5.707,5.729,5.632,701189,600000,5.590 ,5.617 ,5.820 
138,2012/8/1,5.714,5.699,5.744,5.654,622708,600000,5.626 ,5.616 ,5.806 
139,2012/8/2,5.722,5.774,5.789,5.699,754441,600000,5.678 ,5.620 ,5.795 
140,2012/8/3,5.766,5.766,5.774,5.722,440453,600000,5.716 ,5.630 ,5.786 
141,2012/8/6,5.759,5.751,5.766,5.729,464111,600000,5.739 ,5.650 ,5.777 
142,2012/8/7,5.751,5.729,5.759,5.699,349125,600000,5.744 ,5.667 ,5.768 
143,2012/8/8,5.736,5.759,5.789,5.729,538211,600000,5.756 ,5.691 ,5.760 
144,2012/8/9,5.774,5.774,5.781,5.729,324902,600000,5.756 ,5.717 ,5.754 
145,2012/8/10,5.803,5.811,5.848,5.796,467829,600000,5.765 ,5.740 ,5.746 
146,2012/8/13,5.811,5.774,5.833,5.766,472820,600000,5.769 ,5.754 ,5.737 
147,2012/8/14,5.781,5.811,5.811,5.759,397436,600000,5.786 ,5.765 ,5.730 
148,2012/8/15,5.811,5.647,5.811,5.625,895552,600000,5.763 ,5.760 ,5.717 
149,2012/8/16,5.654,5.61,5.654,5.587,406302,600000,5.731 ,5.743 ,5.703 
150,2012/8/17,5.602,5.625,5.647,5.595,333226,600000,5.693 ,5.729 ,5.693 
151,2012/8/20,5.602,5.602,5.632,5.558,270382,600000,5.659 ,5.714 ,5.689 
152,2012/8/21,5.595,5.595,5.632,5.58,362689,600000,5.616 ,5.701 ,5.684 
153,2012/8/22,5.602,5.602,5.61,5.565,353264,600000,5.607 ,5.685 ,5.680 
154,2012/8/23,5.595,5.602,5.625,5.565,363664,600000,5.605 ,5.668 ,5.676 
155,2012/8/24,5.602,5.58,5.61,5.55,369636,600000,5.596 ,5.645 ,5.670 
156,2012/8/27,5.55,5.513,5.58,5.505,403345,600000,5.578 ,5.619 ,5.664 
157,2012/8/28,5.535,5.662,5.677,5.513,547637,600000,5.592 ,5.604 ,5.662 
158,2012/8/29,5.632,5.625,5.64,5.602,384194,600000,5.596 ,5.602 ,5.659 
159,2012/8/30,5.587,5.669,5.677,5.587,448042,600000,5.610 ,5.608 ,5.657 
160,2012/8/31,5.647,5.669,5.722,5.64,372551,600000,5.628 ,5.612 ,5.657 
161,2012/9/3,5.684,5.647,5.684,5.61,553933,600000,5.654 ,5.616 ,5.660 
162,2012/9/4,5.632,5.558,5.654,5.535,443613,600000,5.634 ,5.613 ,5.660 
163,2012/9/5,5.543,5.453,5.55,5.424,731359,600000,5.599 ,5.598 ,5.658 
164,2012/9/6,5.468,5.498,5.505,5.438,383702,600000,5.565 ,5.587 ,5.657 
165,2012/9/7,5.528,5.662,5.796,5.513,1459719,600000,5.564 ,5.596 ,5.660 
166,2012/9/10,5.654,5.632,5.669,5.61,637990,600000,5.561 ,5.608 ,5.660 
167,2012/9/11,5.617,5.58,5.617,5.535,509813,600000,5.565 ,5.599 ,5.656 
168,2012/9/12,5.61,5.573,5.632,5.528,411993,600000,5.589 ,5.594 ,5.652 
169,2012/9/13,5.565,5.55,5.587,5.543,285985,600000,5.599 ,5.582 ,5.644 
170,2012/9/14,5.587,5.602,5.632,5.543,605539,600000,5.587 ,5.576 ,5.639 
171,2012/9/17,5.602,5.52,5.602,5.513,394957,600000,5.565 ,5.563 ,5.631 
172,2012/9/18,5.505,5.476,5.513,5.468,295564,600000,5.544 ,5.555 ,5.623 
173,2012/9/19,5.476,5.468,5.498,5.461,353162,600000,5.523 ,5.556 ,5.613 
174,2012/9/20,5.453,5.386,5.468,5.379,480720,600000,5.490 ,5.545 ,5.600 
175,2012/9/21,5.379,5.371,5.409,5.349,375406,600000,5.444 ,5.516 ,5.585 
176,2012/9/24,5.349,5.342,5.371,5.297,442806,600000,5.409 ,5.487 ,5.571 
177,2012/9/25,5.334,5.334,5.349,5.312,235284,600000,5.380 ,5.462 ,5.555 
178,2012/9/26,5.327,5.297,5.349,5.289,283442,600000,5.346 ,5.435 ,5.543 
179,2012/9/27,5.297,5.453,5.483,5.289,745652,600000,5.359 ,5.425 ,5.538 
180,2012/9/28,5.424,5.498,5.505,5.394,629301,600000,5.385 ,5.415 ,5.534 
181,2012/10/8,5.498,5.453,5.528,5.424,323245,600000,5.407 ,5.408 ,5.529 
182,2012/10/9,5.476,5.55,5.573,5.468,486200,600000,5.450 ,5.415 ,5.528 
183,2012/10/10,5.535,5.543,5.558,5.513,271473,600000,5.499 ,5.423 ,5.526 
184,2012/10/11,5.52,5.52,5.535,5.491,295642,600000,5.513 ,5.436 ,5.523 
185,2012/10/12,5.535,5.55,5.587,5.52,379537,600000,5.523 ,5.454 ,5.522 
186,2012/10/15,5.558,5.52,5.565,5.491,222493,600000,5.537 ,5.472 ,5.522 
187,2012/10/16,5.52,5.558,5.602,5.505,439525,600000,5.538 ,5.494 ,5.519 
188,2012/10/17,5.573,5.625,5.647,5.543,526584,600000,5.555 ,5.527 ,5.519 
189,2012/10/18,5.625,5.677,5.699,5.617,513973,600000,5.586 ,5.549 ,5.519 
190,2012/10/19,5.677,5.647,5.684,5.625,401855,600000,5.605 ,5.564 ,5.518 
191,2012/10/22,5.617,5.699,5.722,5.61,367998,600000,5.641 ,5.589 ,5.520 
192,2012/10/23,5.707,5.64,5.722,5.625,321891,600000,5.658 ,5.598 ,5.523 
193,2012/10/24,5.625,5.654,5.684,5.617,283285,600000,5.663 ,5.609 ,5.529 
194,2012/10/25,5.647,5.61,5.677,5.587,298074,600000,5.650 ,5.618 ,5.533 
195,2012/10/26,5.617,5.558,5.64,5.528,496112,600000,5.632 ,5.619 ,5.530 
196,2012/10/29,5.543,5.565,5.58,5.528,281768,600000,5.605 ,5.623 ,5.527 
197,2012/10/30,5.565,5.573,5.61,5.513,370828,600000,5.592 ,5.625 ,5.527 
198,2012/10/31,5.58,5.595,5.61,5.535,364111,600000,5.580 ,5.622 ,5.528 
199,2012/11/1,5.602,5.692,5.736,5.595,572051,600000,5.597 ,5.623 ,5.533 
200,2012/11/2,5.699,5.722,5.736,5.669,475874,600000,5.629 ,5.631 ,5.537 
201,2012/11/5,5.736,5.759,5.796,5.707,569740,600000,5.668 ,5.637 ,5.545 
202,2012/11/6,5.766,5.722,5.766,5.654,421771,600000,5.698 ,5.645 ,5.553 
203,2012/11/7,5.714,5.729,5.759,5.692,261937,600000,5.725 ,5.653 ,5.561 
204,2012/11/8,5.684,5.617,5.707,5.61,386671,600000,5.710 ,5.653 ,5.569 
205,2012/11/9,5.61,5.61,5.654,5.587,269212,600000,5.687 ,5.658 ,5.577 
206,2012/11/12,5.617,5.684,5.692,5.61,436454,600000,5.672 ,5.670 ,5.588 
207,2012/11/13,5.677,5.58,5.677,5.573,376916,600000,5.644 ,5.671 ,5.597 
208,2012/11/14,5.58,5.587,5.61,5.565,218232,600000,5.616 ,5.670 ,5.606 
209,2012/11/15,5.58,5.528,5.587,5.52,292200,600000,5.598 ,5.654 ,5.609 
210,2012/11/16,5.52,5.483,5.52,5.468,332663,600000,5.572 ,5.630 ,5.608 
211,2012/11/19,5.483,5.491,5.513,5.461,247853,600000,5.534 ,5.603 ,5.610 
212,2012/11/20,5.513,5.476,5.52,5.461,202529,600000,5.513 ,5.579 ,5.607 
213,2012/11/21,5.476,5.565,5.573,5.468,289576,600000,5.509 ,5.562 ,5.608 
214,2012/11/22,5.55,5.543,5.573,5.513,227848,600000,5.512 ,5.555 ,5.609 
215,2012/11/23,5.558,5.595,5.632,5.535,358198,600000,5.534 ,5.553 ,5.610 
216,2012/11/26,5.587,5.565,5.617,5.535,281674,600000,5.549 ,5.541 ,5.612 
217,2012/11/27,5.543,5.558,5.602,5.528,408275,600000,5.565 ,5.539 ,5.612 
218,2012/11/28,5.543,5.543,5.587,5.528,419787,600000,5.561 ,5.535 ,5.609 
219,2012/11/29,5.558,5.52,5.565,5.513,392793,600000,5.556 ,5.534 ,5.604 
220,2012/11/30,5.52,5.558,5.573,5.491,388222,600000,5.549 ,5.541 ,5.601 
221,2012/12/3,5.558,5.476,5.565,5.468,537692,600000,5.531 ,5.540 ,5.593 
222,2012/12/4,5.461,5.535,5.558,5.461,349748,600000,5.526 ,5.546 ,5.590 
223,2012/12/5,5.535,5.87,5.9,5.52,2270020,600000,5.592 ,5.576 ,5.597 
224,2012/12/6,5.863,5.878,5.938,5.833,1151349,600000,5.663 ,5.610 ,5.606 
225,2012/12/7,5.908,6.154,6.168,5.9,2292491,600000,5.783 ,5.666 ,5.626 
226,2012/12/10,6.221,6.206,6.273,6.154,2152548,600000,5.929 ,5.730 ,5.647 
227,2012/12/11,6.198,6.168,6.236,6.146,1149307,600000,6.055 ,5.791 ,5.667 
228,2012/12/12,6.176,6.258,6.325,6.176,1741269,600000,6.133 ,5.862 ,5.689 
229,2012/12/13,6.221,6.176,6.295,6.168,1240945,600000,6.192 ,5.928 ,5.705 
230,2012/12/14,6.198,6.63,6.697,6.198,3443944,600000,6.288 ,6.035 ,5.735 
231,2012/12/17,6.705,6.757,6.787,6.66,2547830,600000,6.398 ,6.163 ,5.769 
232,2012/12/18,6.712,6.809,6.921,6.683,2348802,600000,6.526 ,6.291 ,5.805 
233,2012/12/19,6.787,6.742,6.824,6.69,1766706,600000,6.623 ,6.378 ,5.839 
234,2012/12/20,6.697,6.75,6.757,6.615,1497508,600000,6.738 ,6.465 ,5.877 
235,2012/12/21,6.75,6.683,6.787,6.615,1308200,600000,6.748 ,6.518 ,5.912 
236,2012/12/24,6.66,6.772,6.899,6.66,1346427,600000,6.751 ,6.575 ,5.949 
237,2012/12/25,6.757,7.04,7.122,6.735,2342266,600000,6.797 ,6.662 ,5.997 
238,2012/12/26,7.048,7.048,7.07,6.981,960130,600000,6.859 ,6.741 ,6.046 
239,2012/12/27,7.048,6.995,7.182,6.943,1278479,600000,6.908 ,6.823 ,6.095 
240,2012/12/28,6.981,7.144,7.182,6.981,1195998,600000,7.000 ,6.874 ,6.150 
241,2012/12/31,7.182,7.39,7.42,7.174,1984516,600000,7.123 ,6.937 ,6.213 
242,2013/1/4,7.524,7.465,7.644,7.398,2614368,600000,7.208 ,7.003 ,6.280 
243,2013/1/7,7.487,7.688,7.703,7.457,2482009,600000,7.336 ,7.098 ,6.351 
244,2013/1/8,7.703,7.539,7.711,7.495,1548511,600000,7.445 ,7.176 ,6.417 
245,2013/1/9,7.517,7.554,7.584,7.435,1759061,600000,7.527 ,7.264 ,6.482 
246,2013/1/10,7.532,7.48,7.606,7.442,1212267,600000,7.545 ,7.334 ,6.546 
247,2013/1/11,7.502,7.316,7.539,7.279,1715474,600000,7.515 ,7.362 ,6.605 
248,2013/1/14,7.264,7.711,7.718,7.264,2286348,600000,7.520 ,7.428 ,6.677 
249,2013/1/15,7.711,7.696,7.755,7.614,1340390,600000,7.551 ,7.498 ,6.750 
250,2013/1/16,7.658,7.539,7.688,7.435,1566918,600000,7.548 ,7.538 ,6.816 
251,2013/1/17,7.487,7.472,7.577,7.36,1166720,600000,7.547 ,7.546 ,6.882 
252,2013/1/18,7.509,7.569,7.636,7.428,1298726,600000,7.597 ,7.556 ,6.950 
253,2013/1/21,7.599,7.748,7.778,7.487,1781548,600000,7.605 ,7.562 ,7.013 
254,2013/1/22,7.733,7.807,8.016,7.636,2422220,600000,7.627 ,7.589 ,7.077 
255,2013/1/23,7.778,7.897,7.912,7.726,1559684,600000,7.699 ,7.624 ,7.135 
256,2013/1/24,7.897,7.904,8.225,7.845,3202104,600000,7.785 ,7.666 ,7.192 
257,2013/1/25,7.897,7.942,7.956,7.845,897168,600000,7.860 ,7.729 ,7.251 
258,2013/1/28,7.942,8.329,8.351,7.934,2630891,600000,7.976 ,7.790 ,7.320 
259,2013/1/29,8.351,8.418,8.545,8.277,1910673,600000,8.098 ,7.863 ,7.394 
260,2013/1/30,8.411,8.374,8.463,8.262,1721714,600000,8.193 ,7.946 ,7.453 
261,2013/1/31,8.374,8.552,8.567,8.284,1811471,600000,8.323 ,8.054 ,7.512 
262,2013/2/1,8.5,8.903,8.917,8.426,2231571,600000,8.515 ,8.187 ,7.582 
263,2013/2/4,8.925,8.992,9.141,8.813,2715405,600000,8.648 ,8.312 ,7.657 
264,2013/2/5,8.873,8.843,8.94,8.679,1769446,600000,8.733 ,8.415 ,7.727 
265,2013/2/6,8.828,8.94,8.977,8.731,1337481,600000,8.846 ,8.520 ,7.802 
266,2013/2/7,8.94,8.515,8.955,8.321,3151936,600000,8.839 ,8.581 ,7.860 
267,2013/2/8,8.493,8.448,8.53,8.24,1959049,600000,8.748 ,8.631 ,7.907 
268,2013/2/18,8.508,8.389,8.567,8.336,1190518,600000,8.627 ,8.637 ,7.952 
269,2013/2/19,8.366,8.269,8.426,8.247,1145652,600000,8.512 ,8.623 ,7.994 
270,2013/2/20,8.269,8.053,8.284,7.882,2645230,600000,8.335 ,8.590 ,8.025 
271,2013/2/21,7.934,7.614,7.956,7.45,2907913,600000,8.155 ,8.497 ,8.032 
272,2013/2/22,7.591,7.554,7.703,7.509,1432264,600000,7.976 ,8.362 ,8.035 
273,2013/2/25,7.606,7.688,7.748,7.599,1162745,600000,7.836 ,8.231 ,8.035 
274,2013/2/26,7.599,7.696,8.016,7.562,2385926,600000,7.721 ,8.117 ,8.040 
275,2013/2/27,7.718,7.74,7.971,7.681,1588157,600000,7.658 ,7.997 ,8.047 
276,2013/2/28,7.86,8.24,8.247,7.74,2246584,600000,7.784 ,7.969 ,8.072 
277,2013/3/1,8.247,8.321,8.426,8.046,2232089,600000,7.937 ,7.956 ,8.105 
278,2013/3/4,8.091,7.74,8.12,7.651,2610020,600000,7.947 ,7.892 ,8.106 
279,2013/3/5,7.718,8.247,8.359,7.718,2336077,600000,8.058 ,7.889 ,8.125 
280,2013/3/6,8.314,8.277,8.426,8.165,2056316,600000,8.165 ,7.912 ,8.149 
281,2013/3/7,8.21,8.016,8.269,7.83,1915551,600000,8.120 ,7.952 ,8.168 
282,2013/3/8,8.053,7.979,8.105,7.897,1030464,600000,8.052 ,7.994 ,8.181 
283,2013/3/11,7.949,7.8,7.949,7.755,940812,600000,8.064 ,8.006 ,8.183 
284,2013/3/12,7.793,7.666,7.934,7.584,1322986,600000,7.948 ,8.003 ,8.178 
285,2013/3/13,7.666,7.636,7.763,7.532,1057644,600000,7.819 ,7.992 ,8.170 
286,2013/3/14,7.748,7.785,7.867,7.651,1634193,600000,7.773 ,7.947 ,8.166 
287,2013/3/15,7.8,7.83,8.143,7.733,2142992,600000,7.743 ,7.898 ,8.162 
288,2013/3/18,7.778,7.807,7.927,7.74,1426044,600000,7.745 ,7.904 ,8.144 
289,2013/3/19,7.8,7.934,7.942,7.77,1144702,600000,7.798 ,7.873 ,8.128 
290,2013/3/20,7.956,8.336,8.344,7.934,2536982,600000,7.938 ,7.879 ,8.127 
291,2013/3/21,8.344,8.269,8.403,8.15,1932679,600000,8.035 ,7.904 ,8.118 
292,2013/3/22,8.202,8.24,8.277,8.158,1228245,600000,8.117 ,7.930 ,8.095 
293,2013/3/25,8.292,8.225,8.374,8.195,890205,600000,8.201 ,7.973 ,8.070 
294,2013/3/26,8.18,7.971,8.187,7.934,1263272,600000,8.208 ,8.003 ,8.041 
295,2013/3/27,7.979,8.016,8.158,7.919,1138146,600000,8.144 ,8.041 ,8.010 
296,2013/3/28,7.599,7.465,7.636,7.211,2980694,600000,7.983 ,8.009 ,7.975 
297,2013/3/29,7.472,7.547,7.606,7.383,1310287,600000,7.845 ,7.981 ,7.945 
298,2013/4/1,7.495,7.487,7.599,7.472,760521,600000,7.697 ,7.949 ,7.915 
299,2013/4/2,7.502,7.472,7.577,7.405,836815,600000,7.597 ,7.903 ,7.888 
300,2013/4/3,7.487,7.495,7.562,7.413,887657,600000,7.493 ,7.819 ,7.870 
301,2013/4/8,7.353,7.39,7.442,7.226,894990,600000,7.478 ,7.731 ,7.862 
302,2013/4/9,7.42,7.48,7.539,7.42,658065,600000,7.465 ,7.655 ,7.860 
303,2013/4/10,7.472,7.45,7.48,7.39,545868,600000,7.457 ,7.577 ,7.852 
304,2013/4/11,7.509,7.465,7.539,7.45,433037,600000,7.456 ,7.527 ,7.844 
305,2013/4/12,7.472,7.405,7.495,7.375,418322,600000,7.438 ,7.466 ,7.833 
306,2013/4/15,7.405,7.323,7.442,7.293,757636,600000,7.425 ,7.451 ,7.802 
307,2013/4/16,7.264,7.256,7.323,7.152,1262747,600000,7.380 ,7.422 ,7.767 
308,2013/4/17,7.256,7.144,7.256,7.092,862785,600000,7.319 ,7.388 ,7.747 
309,2013/4/18,7.048,7.174,7.197,7.018,1034219,600000,7.260 ,7.358 ,7.711 
310,2013/4/19,7.189,7.554,7.591,7.167,1786750,600000,7.290 ,7.364 ,7.687 
311,2013/4/22,7.532,7.614,7.614,7.524,1233437,600000,7.348 ,7.387 ,7.674 
312,2013/4/23,7.658,7.331,7.666,7.301,1088268,600000,7.363 ,7.372 ,7.652 
313,2013/4/24,7.346,7.472,7.562,7.279,1050050,600000,7.429 ,7.374 ,7.641 
314,2013/4/25,7.45,7.383,7.502,7.316,743203,600000,7.471 ,7.366 ,7.632 
315,2013/4/26,7.42,7.36,7.457,7.338,528064,600000,7.432 ,7.361 ,7.623 
316,2013/5/2,7.279,7.316,7.346,7.197,806678,600000,7.372 ,7.360 ,7.607 
317,2013/5/3,7.353,7.457,7.577,7.323,1093734,600000,7.398 ,7.381 ,7.595 
318,2013/5/6,7.472,7.547,7.606,7.428,878652,600000,7.413 ,7.421 ,7.586 
319,2013/5/7,7.517,7.495,7.524,7.435,600959,600000,7.435 ,7.453 ,7.571 
320,2013/5/8,7.539,7.487,7.599,7.457,721535,600000,7.460 ,7.446 ,7.543 
321,2013/5/9,7.495,7.428,7.509,7.368,646673,600000,7.483 ,7.428 ,7.515 
322,2013/5/10,7.398,7.472,7.495,7.368,631270,600000,7.486 ,7.442 ,7.489 
323,2013/5/13,7.465,7.465,7.532,7.398,669943,600000,7.469 ,7.441 ,7.464 
324,2013/5/14,7.472,7.428,7.487,7.398,673480,600000,7.456 ,7.446 ,7.446 
325,2013/5/15,7.435,7.442,7.465,7.398,472759,600000,7.447 ,7.454 ,7.427 
326,2013/5/16,7.442,7.562,7.569,7.331,1116473,600000,7.474 ,7.478 ,7.430 
327,2013/5/17,7.562,7.629,7.658,7.487,1229551,600000,7.505 ,7.496 ,7.433 
328,2013/5/20,7.644,7.755,7.852,7.599,1568511,600000,7.563 ,7.516 ,7.442 
329,2013/5/21,7.733,7.703,7.763,7.629,917752,600000,7.618 ,7.537 ,7.449 
330,2013/5/22,7.696,7.718,7.733,7.658,712076,600000,7.673 ,7.560 ,7.457 
331,2013/5/23,7.666,7.562,7.696,7.562,824847,600000,7.673 ,7.574 ,7.463 
332,2013/5/24,7.599,7.599,7.658,7.524,632309,600000,7.667 ,7.586 ,7.467 
333,2013/5/27,7.606,7.666,7.696,7.584,695469,600000,7.650 ,7.606 ,7.474 
334,2013/5/28,7.673,7.86,7.867,7.636,1113770,600000,7.681 ,7.650 ,7.487 
335,2013/5/29,7.882,7.837,7.912,7.83,914590,600000,7.705 ,7.689 ,7.501 
336,2013/5/30,7.807,7.852,7.912,7.8,894547,600000,7.763 ,7.718 ,7.519 
337,2013/5/31,7.867,7.8,7.912,7.793,1018756,600000,7.803 ,7.735 ,7.537 
338,2013/6/3,7.839,7.737,7.871,7.713,831860,600000,7.817 ,7.733 ,7.557 
339,2013/6/4,7.776,7.658,7.776,7.627,601645,600000,7.777 ,7.729 ,7.573 
340,2013/6/5,7.658,7.587,7.682,7.548,564057,600000,7.727 ,7.716 ,7.574 
341,2013/6/6,7.556,7.43,7.603,7.407,724175,600000,7.642 ,7.703 ,7.568 
342,2013/6/7,7.477,7.352,7.525,7.328,723440,600000,7.553 ,7.678 ,7.569 
343,2013/6/13,7.273,7.092,7.273,7.006,1278202,600000,7.424 ,7.621 ,7.556 
344,2013/6/14,7.131,7.092,7.131,7.061,775306,600000,7.311 ,7.544 ,7.546 
345,2013/6/17,7.116,7.084,7.155,7.045,520391,600000,7.210 ,7.468 ,7.537 
346,2013/6/18,7.116,7.131,7.171,7.084,403588,600000,7.150 ,7.396 ,7.531 
347,2013/6/19,7.116,6.99,7.116,6.935,531047,600000,7.078 ,7.315 ,7.515 
348,2013/6/20,6.966,6.62,6.966,6.605,1375715,600000,6.983 ,7.204 ,7.484 
349,2013/6/21,6.534,6.51,6.66,6.463,1474426,600000,6.867 ,7.089 ,7.452 
350,2013/6/24,6.518,5.913,6.518,5.897,2499773,600000,6.633 ,6.921 ,7.399 
351,2013/6/25,5.858,6.133,6.164,5.645,2466012,600000,6.433 ,6.792 ,7.356 
352,2013/6/26,6.211,6.109,6.251,5.999,1307889,600000,6.257 ,6.667 ,7.311 
353,2013/6/27,6.172,6.196,6.227,6.054,1258232,600000,6.172 ,6.578 ,7.268 
354,2013/6/28,6.149,6.51,6.526,6.101,1577539,600000,6.172 ,6.520 ,7.238 
355,2013/7/1,6.463,6.424,6.502,6.345,860270,600000,6.274 ,6.454 ,7.204 
356,2013/7/2,6.432,6.408,6.463,6.251,840195,600000,6.329 ,6.381 ,7.165 
357,2013/7/3,6.369,6.322,6.377,6.267,696903,600000,6.372 ,6.315 ,7.122 
358,2013/7/4,6.337,6.384,6.51,6.306,857944,600000,6.410 ,6.291 ,7.076 
359,2013/7/5,6.377,6.377,6.463,6.353,587643,600000,6.383 ,6.278 ,7.032 
360,2013/7/8,6.29,6.219,6.329,6.211,639775,600000,6.342 ,6.308 ,6.982 
361,2013/7/9,6.227,6.227,6.259,6.196,409645,600000,6.306 ,6.318 ,6.937 
362,2013/7/10,6.251,6.377,6.392,6.211,608291,600000,6.317 ,6.344 ,6.897 
363,2013/7/11,6.424,6.966,7.013,6.424,2741524,600000,6.433 ,6.421 ,6.873 
364,2013/7/12,6.888,6.675,6.958,6.628,1622113,600000,6.493 ,6.438 ,6.834 
365,2013/7/15,6.723,6.73,6.848,6.612,1038509,600000,6.595 ,6.469 ,6.797 
366,2013/7/16,6.699,6.715,6.723,6.612,784304,600000,6.693 ,6.499 ,6.759 
367,2013/7/17,6.699,6.644,6.723,6.589,794897,600000,6.746 ,6.531 ,6.720 
368,2013/7/18,6.612,6.447,6.644,6.416,990443,600000,6.642 ,6.538 ,6.677 
369,2013/7/19,6.463,6.314,6.479,6.306,762422,600000,6.570 ,6.531 ,6.633 
370,2013/7/22,6.211,6.251,6.282,6.149,955520,600000,6.474 ,6.535 ,6.588 
371,2013/7/23,6.282,6.4,6.471,6.243,1159065,600000,6.411 ,6.552 ,6.554 
372,2013/7/24,6.322,6.29,6.361,6.211,874105,600000,6.340 ,6.543 ,6.518 
373,2013/7/25,6.306,6.306,6.377,6.259,620108,600000,6.312 ,6.477 ,6.492 
374,2013/7/26,6.274,6.267,6.298,6.243,428005,600000,6.303 ,6.436 ,6.465 
375,2013/7/29,6.211,6.086,6.211,6.062,845185,600000,6.270 ,6.372 ,6.431 
376,2013/7/30,6.117,6.164,6.259,6.086,689076,600000,6.223 ,6.317 ,6.399 
377,2013/7/31,6.219,6.18,6.306,6.149,503354,600000,6.201 ,6.271 ,6.372 
378,2013/8/1,6.227,6.282,6.306,6.188,589593,600000,6.196 ,6.254 ,6.361 
379,2013/8/2,6.337,6.274,6.384,6.267,577671,600000,6.197 ,6.250 ,6.353 
380,2013/8/5,6.274,6.337,6.345,6.251,530561,600000,6.247 ,6.259 ,6.367 
381,2013/8/6,6.314,6.314,6.353,6.274,827984,600000,6.277 ,6.250 ,6.373 
382,2013/8/7,6.314,6.298,6.4,6.29,686799,600000,6.301 ,6.251 ,6.379 
383,2013/8/8,6.298,6.282,6.345,6.251,546113,600000,6.301 ,6.248 ,6.382 
384,2013/8/9,6.329,6.298,6.353,6.259,554835,600000,6.306 ,6.252 ,6.375 
385,2013/8/12,6.322,6.534,6.542,6.298,1427608,600000,6.345 ,6.296 ,6.379 
386,2013/8/13,6.526,6.62,6.628,6.502,1186725,600000,6.406 ,6.342 ,6.386 
387,2013/8/14,6.636,6.534,6.707,6.526,1219036,600000,6.454 ,6.377 ,6.393 
388,2013/8/15,6.534,6.463,6.581,6.447,671347,600000,6.490 ,6.395 ,6.396 
389,2013/8/16,6.424,6.534,7.108,6.408,2647125,600000,6.537 ,6.421 ,6.401 
390,2013/8/19,6.479,6.644,6.683,6.471,1247047,600000,6.559 ,6.452 ,6.415 
391,2013/8/20,6.62,6.691,6.903,6.597,1536056,600000,6.573 ,6.490 ,6.431 
392,2013/8/21,6.707,6.644,6.746,6.581,657322,600000,6.595 ,6.524 ,6.439 
393,2013/8/22,6.612,6.636,6.778,6.605,603264,600000,6.630 ,6.560 ,6.428 
394,2013/8/23,6.715,6.62,6.785,6.487,1175300,600000,6.647 ,6.592 ,6.427 
395,2013/8/26,6.644,6.872,6.903,6.605,1617201,600000,6.693 ,6.626 ,6.431 
396,2013/8/27,6.88,7.037,7.116,6.841,2246729,600000,6.762 ,6.668 ,6.442 
397,2013/8/28,6.982,7.076,7.194,6.911,2435749,600000,6.848 ,6.722 ,6.457 
398,2013/8/29,7.163,7.013,7.241,6.966,1464969,600000,6.924 ,6.777 ,6.475 
399,2013/8/30,6.966,7.069,7.116,6.888,1291433,600000,7.013 ,6.830 ,6.501 
400,2013/9/2,7.163,7.053,7.304,7.037,1412369,600000,7.050 ,6.871 ,6.527 
401,2013/9/3,7.045,7.147,7.171,6.99,1403836,600000,7.072 ,6.917 ,6.552 
402,2013/9/4,7.108,7.186,7.265,7.1,1424500,600000,7.094 ,6.971 ,6.582 
403,2013/9/5,7.226,7.179,7.226,7.124,935444,600000,7.127 ,7.025 ,6.611 
404,2013/9/6,7.194,7.525,7.76,7.171,3010151,600000,7.218 ,7.116 ,6.653 
405,2013/9/9,8.083,8.279,8.279,8.004,5801892,600000,7.463 ,7.256 ,6.726 
406,2013/9/10,8.649,8.963,9.034,8.468,11980241,600000,7.826 ,7.449 ,6.819 
407,2013/9/11,8.814,8.861,9.018,8.806,6035510,600000,8.161 ,7.628 ,6.909 
408,2013/9/12,8.885,9.632,9.75,8.775,10415275,600000,8.652 ,7.889 ,7.021 
409,2013/9/13,9.498,9.364,9.647,9.223,6616465,600000,9.020 ,8.119 ,7.124 
410,2013/9/16,9.435,9.034,9.451,8.83,6994933,600000,9.171 ,8.317 ,7.213 
411,2013/9/17,8.971,8.515,9.026,8.468,5117379,600000,9.081 ,8.454 ,7.287 
412,2013/9/18,8.61,8.649,8.798,8.515,4001721,600000,9.039 ,8.600 ,7.365 
413,2013/9/23,8.688,8.79,8.806,8.492,4536301,600000,8.870 ,8.761 ,7.449 
414,2013/9/24,8.798,8.5,8.806,8.311,4769006,600000,8.698 ,8.859 ,7.522 
415,2013/9/25,8.444,8.476,8.79,8.405,3841461,600000,8.586 ,8.878 ,7.587 
416,2013/9/26,8.452,7.996,8.46,7.918,4484938,600000,8.482 ,8.782 ,7.633 
417,2013/9/27,7.949,8.051,8.122,7.902,2437824,600000,8.363 ,8.701 ,7.683 
418,2013/9/30,8.13,7.933,8.154,7.878,2565109,600000,8.191 ,8.531 ,7.732 
419,2013/10/8,7.886,8.043,8.122,7.768,2584441,600000,8.100 ,8.399 ,7.783 
420,2013/10/9,7.941,8.075,8.224,7.918,2440152,600000,8.020 ,8.303 ,7.830 
421,2013/10/10,8.099,7.847,8.138,7.808,2492250,600000,7.990 ,8.236 ,7.869 
422,2013/10/11,7.941,8.295,8.374,7.863,4419612,600000,8.039 ,8.201 ,7.924 
423,2013/10/14,8.216,8.091,8.256,8.059,2740093,600000,8.070 ,8.131 ,7.972 
424,2013/10/15,8.099,7.949,8.138,7.878,2123239,600000,8.051 ,8.076 ,8.017 
425,2013/10/16,7.933,7.792,7.933,7.721,2173229,600000,7.995 ,8.007 ,8.047 
426,2013/10/17,7.871,7.721,7.918,7.713,1452534,600000,7.970 ,7.980 ,8.070 
427,2013/10/18,7.721,7.768,7.91,7.705,1298497,600000,7.864 ,7.951 ,8.093 
428,2013/10/21,7.823,7.957,7.988,7.705,2118509,600000,7.837 ,7.954 ,8.125 
429,2013/10/22,7.949,7.808,7.949,7.753,1560114,600000,7.809 ,7.930 ,8.149 
430,2013/10/23,7.823,7.878,8.138,7.792,2605131,600000,7.826 ,7.911 ,8.177 
431,2013/10/24,7.831,7.847,7.988,7.721,1700033,600000,7.852 ,7.911 ,8.200 
432,2013/10/25,7.871,7.918,8.067,7.855,2565242,600000,7.882 ,7.873 ,8.225 
433,2013/10/28,7.926,7.981,8.036,7.8,1640981,600000,7.886 ,7.862 ,8.251 
434,2013/10/29,8.036,8.24,8.405,8.004,4942140,600000,7.973 ,7.891 ,8.275 
435,2013/10/30,8.24,8.327,8.35,8.106,3011658,600000,8.063 ,7.945 ,8.277 
436,2013/10/31,8.319,8.122,8.334,8.106,2116375,600000,8.118 ,7.985 ,8.249 
437,2013/11/1,8.114,8.193,8.279,8.043,1640572,600000,8.173 ,8.027 ,8.226 
438,2013/11/4,8.24,8.099,8.287,8.067,1387863,600000,8.196 ,8.041 ,8.175 
439,2013/11/5,8.036,8.02,8.059,7.894,1725365,600000,8.152 ,8.063 ,8.131 
440,2013/11/6,7.918,7.886,8.02,7.863,1510265,600000,8.064 ,8.063 ,8.092 
441,2013/11/7,7.926,7.902,8.012,7.839,1149838,600000,8.020 ,8.069 ,8.072 
442,2013/11/8,7.878,7.847,7.941,7.808,1103887,600000,7.951 ,8.062 ,8.045 
443,2013/11/11,7.855,7.839,7.878,7.784,797592,600000,7.899 ,8.048 ,8.013 
444,2013/11/12,7.871,7.957,8.012,7.863,1196551,600000,7.886 ,8.019 ,7.995 
445,2013/11/13,7.894,7.58,7.902,7.572,2087144,600000,7.825 ,7.945 ,7.965 
446,2013/11/14,7.548,7.462,7.611,7.383,1691110,600000,7.737 ,7.879 ,7.948 
447,2013/11/15,7.462,7.611,7.745,7.454,1805645,600000,7.690 ,7.820 ,7.933 
448,2013/11/18,7.666,7.941,7.949,7.595,2312759,600000,7.710 ,7.805 ,7.933 
449,2013/11/19,7.941,7.839,7.941,7.823,1285166,600000,7.687 ,7.786 ,7.926 
450,2013/11/20,7.871,7.902,8.004,7.839,1259865,600000,7.751 ,7.788 ,7.921 
451,2013/11/21,7.863,7.918,7.926,7.69,1723407,600000,7.842 ,7.790 ,7.923 
452,2013/11/22,7.902,7.91,7.949,7.847,1311169,600000,7.902 ,7.796 ,7.910 
453,2013/11/25,7.855,7.808,7.949,7.8,967670,600000,7.875 ,7.793 ,7.901 
454,2013/11/26,7.784,7.784,7.886,7.768,728576,600000,7.864 ,7.776 ,7.895 
455,2013/11/27,7.76,7.808,7.926,7.674,1343571,600000,7.846 ,7.798 ,7.896 
456,2013/11/28,7.823,7.831,7.91,7.784,1218390,600000,7.828 ,7.835 ,7.899 
457,2013/11/29,7.91,7.855,7.957,7.831,1124919,600000,7.817 ,7.860 ,7.902 
458,2013/12/2,7.941,8.114,8.13,7.855,4089526,600000,7.878 ,7.877 ,7.908 
459,2013/12/3,8.075,8.067,8.13,7.973,1789537,600000,7.935 ,7.900 ,7.916 
460,2013/12/4,8.051,8.177,8.311,8.02,2833033,600000,8.009 ,7.927 ,7.926 
461,2013/12/5,8.177,8.138,8.209,8.083,1505654,600000,8.070 ,7.949 ,7.936 
462,2013/12/6,8.13,8.036,8.13,7.965,1577340,600000,8.106 ,7.962 ,7.940 
463,2013/12/9,8.028,7.949,8.059,7.926,1113363,600000,8.073 ,7.976 ,7.939 
464,2013/12/10,7.957,7.973,8.028,7.926,894765,600000,8.055 ,7.995 ,7.930 
465,2013/12/11,7.949,7.808,7.965,7.792,1271767,600000,7.981 ,7.995 ,7.913 
466,2013/12/12,7.792,7.768,7.831,7.76,898390,600000,7.907 ,7.989 ,7.901 
467,2013/12/13,7.737,7.729,7.745,7.682,981246,600000,7.845 ,7.976 ,7.885 
468,2013/12/16,7.745,7.658,7.839,7.642,1198021,600000,7.787 ,7.930 ,7.871 
469,2013/12/17,7.674,7.619,7.682,7.595,781262,600000,7.716 ,7.886 ,7.857 
470,2013/12/18,7.635,7.635,7.705,7.611,551917,600000,7.682 ,7.831 ,7.849 
471,2013/12/19,7.666,7.556,7.69,7.548,710035,600000,7.639 ,7.773 ,7.837 
472,2013/12/20,7.572,7.359,7.58,7.344,1075938,600000,7.565 ,7.705 ,7.821 
473,2013/12/23,7.399,7.344,7.454,7.32,630148,600000,7.503 ,7.645 ,7.805 
474,2013/12/24,7.367,7.344,7.399,7.273,718029,600000,7.448 ,7.582 ,7.784 
475,2013/12/25,7.336,7.289,7.352,7.194,890032,600000,7.378 ,7.530 ,7.774 
476,2013/12/26,7.281,7.147,7.289,7.124,825186,600000,7.297 ,7.468 ,7.764 
477,2013/12/27,7.147,7.265,7.328,7.139,880523,600000,7.278 ,7.422 ,7.752 
478,2013/12/30,7.312,7.234,7.328,7.226,704087,600000,7.256 ,7.379 ,7.729 
479,2013/12/31,7.241,7.414,7.493,7.21,1072370,600000,7.270 ,7.359 ,7.715 
480,2014/1/2,7.422,7.336,7.43,7.304,698210,600000,7.279 ,7.329 ,7.696 
481,2014/1/3,7.297,7.186,7.312,7.139,883519,600000,7.287 ,7.292 ,7.671 
482,2014/1/6,7.32,7.226,7.344,7.179,1172677,600000,7.279 ,7.279 ,7.649 
483,2014/1/7,7.21,7.186,7.241,7.084,721509,600000,7.270 ,7.263 ,7.628 
484,2014/1/8,7.186,7.234,7.328,7.163,786034,600000,7.234 ,7.252 ,7.610 
485,2014/1/9,7.234,7.304,7.422,7.202,1099767,600000,7.227 ,7.253 ,7.593 
486,2014/1/10,7.297,7.399,7.43,7.265,933799,600000,7.270 ,7.278 ,7.578 
487,2014/1/13,7.422,7.383,7.446,7.336,659353,600000,7.301 ,7.290 ,7.563 
488,2014/1/14,7.391,7.391,7.414,7.273,797102,600000,7.342 ,7.306 ,7.538 
489,2014/1/15,7.383,7.257,7.391,7.202,776066,600000,7.347 ,7.290 ,7.511 
490,2014/1/16,7.249,7.218,7.281,7.21,672047,600000,7.330 ,7.278 ,7.480 
491,2014/1/17,7.21,7.171,7.21,7.131,660474,600000,7.284 ,7.277 ,7.447 
492,2014/1/20,7.155,7.131,7.179,7.108,420947,600000,7.234 ,7.267 ,7.417 
493,2014/1/21,7.155,7.202,7.281,7.147,475960,600000,7.196 ,7.269 ,7.392 
494,2014/1/22,7.218,7.344,7.375,7.21,913872,600000,7.213 ,7.280 ,7.371 
495,2014/1/23,7.32,7.249,7.344,7.241,630554,600000,7.219 ,7.275 ,7.353 
496,2014/1/24,7.21,7.257,7.328,7.186,707572,600000,7.237 ,7.260 ,7.336 
497,2014/1/27,7.226,7.171,7.234,7.155,698586,600000,7.245 ,7.239 ,7.317 
498,2014/1/28,7.171,7.226,7.304,7.171,573336,600000,7.249 ,7.223 ,7.303 
499,2014/1/29,7.265,7.304,7.32,7.234,710428,600000,7.241 ,7.227 ,7.292 
500,2014/1/30,7.289,7.21,7.312,7.194,525089,600000,7.234 ,7.227 ,7.278 
501,2014/2/7,7.179,7.218,7.218,7.131,511369,600000,7.226 ,7.231 ,7.267 
502,2014/2/10,7.218,7.304,7.312,7.202,915731,600000,7.252 ,7.249 ,7.265 
503,2014/2/11,7.32,7.501,7.611,7.249,2123924,600000,7.307 ,7.278 ,7.270 
504,2014/2/12,7.47,7.47,7.58,7.422,1064493,600000,7.341 ,7.291 ,7.274 
505,2014/2/13,7.454,7.548,7.737,7.399,1977651,600000,7.408 ,7.321 ,7.283 
506,2014/2/14,7.548,7.54,7.572,7.477,805032,600000,7.473 ,7.349 ,7.296 
507,2014/2/17,7.564,7.485,7.595,7.454,1079162,600000,7.509 ,7.381 ,7.303 
508,2014/2/18,7.477,7.281,7.477,7.257,1319722,600000,7.465 ,7.386 ,7.305 
509,2014/2/19,7.273,7.462,7.525,7.234,1507297,600000,7.463 ,7.402 ,7.306 
510,2014/2/20,7.493,7.383,7.65,7.359,1446073,600000,7.430 ,7.419 ,7.308 
511,2014/2/21,7.383,7.304,7.414,7.249,823125,600000,7.383 ,7.428 ,7.312 
512,2014/2/24,7.234,7.084,7.241,7.053,1352691,600000,7.303 ,7.406 ,7.307 
513,2014/2/25,7.084,6.943,7.139,6.927,1129881,600000,7.235 ,7.350 ,7.299 
514,2014/2/26,6.927,6.958,6.99,6.896,798110,600000,7.134 ,7.299 ,7.290 
515,2014/2/27,6.998,7.029,7.1,6.927,1125560,600000,7.064 ,7.247 ,7.281 
516,2014/2/28,6.998,7.006,7.084,6.919,754278,600000,7.004 ,7.194 ,7.268 
517,2014/3/3,7.006,6.958,7.013,6.927,813899,600000,6.979 ,7.141 ,7.254 
518,2014/3/4,6.951,6.974,7.006,6.825,1134738,600000,6.985 ,7.110 ,7.240 
519,2014/3/5,6.966,6.841,6.982,6.825,667762,600000,6.962 ,7.048 ,7.226 
520,2014/3/6,6.841,6.919,6.966,6.778,1052216,600000,6.940 ,7.002 ,7.216 
521,2014/3/7,6.919,6.864,7.006,6.848,859966,600000,6.911 ,6.958 ,7.206 
522,2014/3/10,6.817,6.636,6.848,6.62,1003359,600000,6.847 ,6.913 ,7.189 
523,2014/3/11,6.628,6.652,6.707,6.597,711195,600000,6.782 ,6.884 ,7.171 
524,2014/3/12,6.66,6.73,6.817,6.597,1104686,600000,6.760 ,6.861 ,7.150 
525,2014/3/13,6.888,6.951,7.179,6.825,1981158,600000,6.767 ,6.853 ,7.140 
526,2014/3/14,6.903,7.069,7.1,6.856,1797692,600000,6.808 ,6.859 ,7.134 
527,2014/3/18,7.249,6.99,7.257,6.974,1679653,600000,6.878 ,6.863 ,7.128 
528,2014/3/19,6.958,7.116,7.131,6.888,938382,600000,6.971 ,6.877 ,7.124 
529,2014/3/20,7.045,7.069,7.234,7.037,1660587,600000,7.039 ,6.900 ,7.117 
530,2014/3/21,7.061,7.776,7.776,7.053,5777301,600000,7.204 ,6.985 ,7.135 
531,2014/3/24,7.776,7.705,7.871,7.658,5509381,600000,7.331 ,7.069 ,7.152 
532,2014/3/25,7.674,7.666,7.753,7.611,2253244,600000,7.466 ,7.172 ,7.164 
533,2014/3/26,7.69,7.532,7.729,7.477,1886547,600000,7.550 ,7.260 ,7.165 
534,2014/3/27,7.493,7.619,7.815,7.454,3101834,600000,7.660 ,7.349 ,7.170 
535,2014/3/28,7.58,7.603,7.8,7.548,2356096,600000,7.625 ,7.415 ,7.172 
536,2014/3/31,7.627,7.642,7.682,7.525,1179579,600000,7.612 ,7.472 ,7.175 
537,2014/4/1,7.595,7.65,7.737,7.572,1211422,600000,7.609 ,7.538 ,7.180 
538,2014/4/2,7.666,7.815,7.894,7.635,2214870,600000,7.666 ,7.608 ,7.198 
539,2014/4/3,7.815,7.603,7.863,7.58,2025891,600000,7.663 ,7.661 ,7.203 
540,2014/4/4,7.564,7.65,7.666,7.525,1037101,600000,7.672 ,7.649 ,7.212 
541,2014/4/8,7.635,7.973,8.106,7.635,3899480,600000,7.738 ,7.675 ,7.234 
542,2014/4/9,7.957,7.941,8.012,7.886,1669717,600000,7.796 ,7.703 ,7.263 
543,2014/4/10,7.973,8.043,8.185,7.886,2517741,600000,7.842 ,7.754 ,7.299 
544,2014/4/11,8.004,8.059,8.114,7.973,1879817,600000,7.933 ,7.798 ,7.336 
545,2014/4/14,8.059,7.957,8.091,7.933,1335666,600000,7.995 ,7.833 ,7.367 
546,2014/4/15,7.918,7.745,7.926,7.721,1761661,600000,7.949 ,7.844 ,7.392 
547,2014/4/16,7.721,7.784,7.839,7.713,1007655,600000,7.918 ,7.857 ,7.419 
548,2014/4/17,7.808,7.674,7.839,7.658,1478783,600000,7.844 ,7.843 ,7.442 
549,2014/4/18,7.65,7.69,7.713,7.572,1153944,600000,7.770 ,7.852 ,7.471 
550,2014/4/21,7.658,7.635,7.831,7.611,1313923,600000,7.706 ,7.850 ,7.495 
551,2014/4/22,7.611,7.784,7.8,7.595,1412314,600000,7.713 ,7.831 ,7.525 
552,2014/4/23,7.745,7.776,7.863,7.729,1325015,600000,7.712 ,7.815 ,7.563 
553,2014/4/24,7.784,7.76,7.847,7.745,823094,600000,7.729 ,7.786 ,7.600 
554,2014/4/25,7.8,7.737,7.91,7.721,1805735,600000,7.738 ,7.754 ,7.634 
555,2014/4/28,7.721,7.603,7.76,7.587,1234251,600000,7.732 ,7.719 ,7.656 
556,2014/4/29,7.603,7.705,7.721,7.587,884433,600000,7.716 ,7.715 ,7.677 
557,2014/4/30,7.847,7.682,7.878,7.674,1425589,600000,7.697 ,7.705 ,7.700 
558,2014/5/5,7.682,7.658,7.698,7.532,1035090,600000,7.677 ,7.703 ,7.718 
559,2014/5/6,7.627,7.627,7.705,7.603,587976,600000,7.655 ,7.697 ,7.736 
560,2014/5/7,7.619,7.595,7.666,7.58,559727,600000,7.653 ,7.693 ,7.730 
561,2014/5/8,7.595,7.666,7.76,7.58,952258,600000,7.646 ,7.681 ,7.729 
562,2014/5/9,7.666,7.674,7.721,7.619,748293,600000,7.644 ,7.671 ,7.729 
563,2014/5/12,7.745,7.808,7.831,7.698,1295895,600000,7.674 ,7.676 ,7.739 
564,2014/5/13,7.784,7.784,7.815,7.729,661825,600000,7.705 ,7.680 ,7.744 
565,2014/5/14,7.776,7.713,7.8,7.69,1143551,600000,7.729 ,7.691 ,7.748 
566,2014/5/15,7.698,7.65,7.729,7.635,704269,600000,7.726 ,7.686 ,7.748 
567,2014/5/16,7.627,7.666,7.705,7.627,571422,600000,7.724 ,7.684 ,7.749 
568,2014/5/19,7.642,7.485,7.642,7.446,1374059,600000,7.660 ,7.667 ,7.738 
569,2014/5/20,7.517,7.509,7.548,7.454,640577,600000,7.605 ,7.655 ,7.734 
570,2014/5/21,7.485,7.548,7.556,7.399,542980,600000,7.572 ,7.650 ,7.731 
571,2014/5/22,7.54,7.548,7.65,7.525,716886,600000,7.551 ,7.639 ,7.717 
572,2014/5/23,7.556,7.627,7.627,7.54,470573,600000,7.543 ,7.634 ,7.706 
573,2014/5/26,7.674,7.658,7.69,7.619,541089,600000,7.578 ,7.619 ,7.694 
574,2014/5/27,7.65,7.595,7.658,7.564,744361,600000,7.595 ,7.600 ,7.678 
575,2014/5/28,7.595,7.611,7.642,7.548,924783,600000,7.608 ,7.590 ,7.667 
576,2014/5/29,7.611,7.564,7.642,7.548,752585,600000,7.611 ,7.581 ,7.661 
577,2014/5/30,7.564,7.525,7.572,7.509,690968,600000,7.591 ,7.567 ,7.652 
578,2014/6/3,7.54,7.501,7.58,7.493,706412,600000,7.559 ,7.569 ,7.646 
579,2014/6/4,7.509,7.43,7.517,7.391,862464,600000,7.526 ,7.561 ,7.637 
580,2014/6/5,7.43,7.564,7.572,7.414,565003,600000,7.517 ,7.562 ,7.635 
581,2014/6/6,7.548,7.477,7.564,7.43,534260,600000,7.499 ,7.555 ,7.625 
582,2014/6/9,7.438,7.501,7.603,7.438,582317,600000,7.495 ,7.543 ,7.616 
583,2014/6/10,7.54,7.572,7.587,7.485,682568,600000,7.509 ,7.534 ,7.609 
584,2014/6/11,7.54,7.54,7.572,7.509,463348,600000,7.531 ,7.529 ,7.603 
585,2014/6/12,7.525,7.501,7.54,7.485,429176,600000,7.518 ,7.518 ,7.599 
586,2014/6/13,7.509,7.65,7.69,7.501,1296248,600000,7.553 ,7.526 ,7.598 
587,2014/6/16,7.65,7.713,7.76,7.619,1184773,600000,7.595 ,7.545 ,7.599 
588,2014/6/17,7.729,7.65,7.729,7.635,913170,600000,7.611 ,7.560 ,7.598 
589,2014/6/18,7.65,7.65,7.682,7.635,664599,600000,7.633 ,7.582 ,7.599 
590,2014/6/19,7.658,7.58,7.713,7.548,689064,600000,7.649 ,7.583 ,7.599 
591,2014/6/20,7.58,7.627,7.635,7.564,576657,600000,7.644 ,7.598 ,7.597 
592,2014/6/23,7.635,7.595,7.682,7.572,860195,600000,7.620 ,7.608 ,7.595 
593,2014/6/24,7.637,7.629,7.671,7.604,833055,600000,7.616 ,7.614 ,7.589 
594,2014/6/25,7.637,7.578,7.637,7.57,467977,600000,7.602 ,7.617 ,7.582 
595,2014/6/26,7.578,7.587,7.629,7.578,430524,600000,7.603 ,7.626 ,7.578 
596,2014/6/27,7.587,7.57,7.612,7.561,427132,600000,7.592 ,7.618 ,7.575 
597,2014/6/30,7.578,7.637,7.663,7.578,526450,600000,7.600 ,7.610 ,7.574 
598,2014/7/1,7.663,7.646,7.68,7.604,425845,600000,7.604 ,7.610 ,7.579 
599,2014/7/2,7.646,7.646,7.671,7.612,412627,600000,7.617 ,7.610 ,7.584 
600,2014/7/3,7.646,7.654,7.671,7.62,645532,600000,7.631 ,7.617 ,7.588 
601,2014/7/4,7.663,7.654,7.671,7.637,472639,600000,7.647 ,7.620 ,7.591 
602,2014/7/7,7.654,7.637,7.663,7.62,428314,600000,7.647 ,7.624 ,7.591 
603,2014/7/8,7.637,7.637,7.646,7.604,525929,600000,7.646 ,7.625 ,7.591 
604,2014/7/9,7.637,7.528,7.637,7.519,758296,600000,7.622 ,7.620 ,7.588 
605,2014/7/10,7.528,7.528,7.553,7.511,432847,600000,7.597 ,7.614 ,7.586 
606,2014/7/11,7.528,7.544,7.587,7.519,584612,600000,7.575 ,7.611 ,7.585 
607,2014/7/14,7.536,7.595,7.604,7.511,501923,600000,7.566 ,7.607 ,7.587 
608,2014/7/15,7.604,7.604,7.612,7.578,573316,600000,7.560 ,7.603 ,7.591 
609,2014/7/16,7.604,7.612,7.637,7.595,577580,600000,7.577 ,7.599 ,7.597 
610,2014/7/17,7.62,7.587,7.629,7.57,430761,600000,7.588 ,7.593 ,7.598 
611,2014/7/18,7.578,7.612,7.637,7.561,601435,600000,7.602 ,7.588 ,7.602 
612,2014/7/21,7.604,7.578,7.612,7.57,433945,600000,7.599 ,7.583 ,7.605 
613,2014/7/22,7.561,7.646,7.68,7.561,1011864,600000,7.607 ,7.583 ,7.607 
614,2014/7/23,7.629,7.663,7.713,7.629,950718,600000,7.617 ,7.597 ,7.611 
615,2014/7/24,7.671,7.865,7.916,7.671,2350074,600000,7.673 ,7.631 ,7.623 
616,2014/7/25,7.916,7.924,7.966,7.848,1344609,600000,7.735 ,7.669 ,7.633 
617,2014/7/28,7.966,8.236,8.296,7.966,3158566,600000,7.867 ,7.733 ,7.650 
618,2014/7/29,8.27,8.253,8.338,8.203,2030494,600000,7.988 ,7.798 ,7.670 
619,2014/7/30,8.346,8.194,8.372,8.161,1827282,600000,8.094 ,7.856 ,7.688 
620,2014/7/31,8.177,8.27,8.279,8.152,1130036,600000,8.175 ,7.924 ,7.711 
621,2014/8/1,8.245,8.236,8.405,8.22,1993162,600000,8.238 ,7.987 ,7.732 
622,2014/8/4,8.287,8.372,8.388,8.211,1670013,600000,8.265 ,8.066 ,7.757 
623,2014/8/5,8.372,8.329,8.397,8.27,1169420,600000,8.280 ,8.134 ,7.781 
624,2014/8/6,8.296,8.22,8.296,8.152,1345310,600000,8.285 ,8.190 ,7.802 
625,2014/8/7,8.228,8.068,8.253,8.059,1412442,600000,8.245 ,8.210 ,7.818 
626,2014/8/8,8.068,8.051,8.101,8.017,1209827,600000,8.208 ,8.223 ,7.834 
627,2014/8/11,8.076,8.186,8.211,8.076,999023,600000,8.171 ,8.218 ,7.853 
628,2014/8/12,8.177,8.135,8.186,8.101,808561,600000,8.132 ,8.206 ,7.869 
629,2014/8/13,8.135,8.11,8.169,8.042,972016,600000,8.110 ,8.198 ,7.884 
630,2014/8/14,8.127,8.101,8.169,8.085,1023256,600000,8.117 ,8.181 ,7.899 
631,2014/8/15,8.127,8.169,8.186,8.085,835078,600000,8.140 ,8.174 ,7.916 
632,2014/8/18,8.177,8.203,8.279,8.161,961116,600000,8.144 ,8.157 ,7.935 
633,2014/8/19,8.253,8.194,8.253,8.135,997961,600000,8.155 ,8.144 ,7.954 
634,2014/8/20,8.194,8.135,8.194,8.127,701355,600000,8.160 ,8.135 ,7.974 
635,2014/8/21,8.135,8.017,8.144,7.958,1180571,600000,8.144 ,8.130 ,7.990 
636,2014/8/22,8.017,8.051,8.085,7.992,768857,600000,8.120 ,8.130 ,8.007 
637,2014/8/25,8.034,7.966,8.042,7.95,905961,600000,8.073 ,8.108 ,8.020 
638,2014/8/26,7.958,7.983,8.017,7.941,852136,600000,8.030 ,8.093 ,8.032 
639,2014/8/27,7.975,7.975,8.017,7.958,546287,600000,7.998 ,8.079 ,8.044 
640,2014/8/28,7.975,7.899,7.975,7.899,702891,600000,7.975 ,8.059 ,8.055 
641,2014/8/29,7.933,7.992,8,7.899,538816,600000,7.963 ,8.042 ,8.067 
642,2014/9/1,8.009,8.009,8.034,7.966,685780,600000,7.972 ,8.022 ,8.082 
643,2014/9/2,8.026,8.101,8.127,7.983,1287057,600000,7.995 ,8.013 ,8.097 
644,2014/9/3,8.127,8.169,8.22,8.118,1285881,600000,8.034 ,8.016 ,8.114 
645,2014/9/4,8.186,8.194,8.203,8.127,989192,600000,8.093 ,8.034 ,8.125 
646,2014/9/5,8.211,8.22,8.253,8.177,1269259,600000,8.139 ,8.051 ,8.135 
647,2014/9/9,8.228,8.186,8.287,8.169,1238660,600000,8.174 ,8.073 ,8.133 
648,2014/9/10,8.144,8.093,8.152,8.076,1116595,600000,8.172 ,8.084 ,8.128 
649,2014/9/11,8.101,8.101,8.211,8.076,1197631,600000,8.159 ,8.096 ,8.125 
650,2014/9/12,8.11,8.101,8.11,8.042,802964,600000,8.140 ,8.117 ,8.119 
651,2014/9/15,8.068,8.101,8.135,8.026,994444,600000,8.116 ,8.128 ,8.114 
652,2014/9/16,8.144,8.118,8.236,8.093,2227515,600000,8.103 ,8.138 ,8.106 
653,2014/9/17,8.127,8.076,8.152,8.042,1165774,600000,8.099 ,8.136 ,8.097 
654,2014/9/18,8.068,8.211,8.228,8.042,2189938,600000,8.121 ,8.140 ,8.097 
655,2014/9/19,8.203,8.312,8.363,8.186,2860047,600000,8.164 ,8.152 ,8.105 
656,2014/9/22,8.296,8.11,8.296,8.11,1555468,600000,8.165 ,8.141 ,8.107 
657,2014/9/23,8.11,8.127,8.177,8.101,882241,600000,8.167 ,8.135 ,8.105 
658,2014/9/24,8.11,8.236,8.262,8.093,1526373,600000,8.199 ,8.149 ,8.109 
659,2014/9/25,8.262,8.194,8.296,8.169,1372163,600000,8.196 ,8.159 ,8.111 
660,2014/9/26,8.177,8.203,8.22,8.135,805983,600000,8.174 ,8.169 ,8.115 
661,2014/9/29,8.228,8.236,8.279,8.203,1217630,600000,8.199 ,8.182 ,8.117 
662,2014/9/30,8.253,8.228,8.27,8.186,1050932,600000,8.219 ,8.193 ,8.118 
663,2014/10/8,8.253,8.304,8.312,8.211,1427244,600000,8.233 ,8.216 ,8.122 
664,2014/10/9,8.312,8.312,8.388,8.279,1309682,600000,8.257 ,8.226 ,8.128 
665,2014/10/10,8.27,8.296,8.363,8.245,1330301,600000,8.275 ,8.225 ,8.137 
666,2014/10/13,8.262,8.211,8.296,8.169,1098312,600000,8.270 ,8.235 ,8.142 
667,2014/10/14,8.203,8.203,8.287,8.177,840029,600000,8.265 ,8.242 ,8.150 
668,2014/10/15,8.203,8.262,8.312,8.135,1339222,600000,8.257 ,8.245 ,8.159 
669,2014/10/16,8.22,8.346,8.473,8.186,2963668,600000,8.264 ,8.260 ,8.172 
670,2014/10/17,8.338,8.312,8.439,8.228,1610198,600000,8.267 ,8.271 ,8.185 
671,2014/10/20,8.38,8.355,8.397,8.287,1147187,600000,8.296 ,8.283 ,8.198 
672,2014/10/21,8.346,8.253,8.363,8.236,1052906,600000,8.306 ,8.285 ,8.206 
673,2014/10/22,8.262,8.253,8.338,8.228,910921,600000,8.304 ,8.280 ,8.211 
674,2014/10/23,8.253,8.228,8.338,8.203,1184163,600000,8.280 ,8.272 ,8.213 
675,2014/10/24,8.245,8.169,8.262,8.152,1083126,600000,8.252 ,8.259 ,8.212 
676,2014/10/27,8.118,7.992,8.127,7.933,1389294,600000,8.179 ,8.237 ,8.204 
677,2014/10/28,8.017,8.093,8.11,8.017,1010440,600000,8.147 ,8.226 ,8.201 
678,2014/10/29,8.11,8.186,8.228,8.076,1610506,600000,8.134 ,8.219 ,8.204 
679,2014/10/30,8.203,8.279,8.312,8.144,1767805,600000,8.144 ,8.212 ,8.210 
680,2014/10/31,8.338,8.608,8.76,8.312,4910647,600000,8.232 ,8.242 ,8.227 
681,2014/11/3,8.65,8.574,8.675,8.523,2483716,600000,8.348 ,8.264 ,8.243 
682,2014/11/4,8.608,8.498,8.608,8.456,1632126,600000,8.429 ,8.288 ,8.256 
683,2014/11/5,8.507,8.431,8.532,8.405,1575614,600000,8.478 ,8.306 ,8.267 
684,2014/11/6,8.447,8.464,8.473,8.397,1018630,600000,8.515 ,8.329 ,8.276 
685,2014/11/7,8.447,8.591,8.768,8.422,4071141,600000,8.512 ,8.372 ,8.285 
686,2014/11/10,8.886,8.903,9.123,8.793,4893768,600000,8.577 ,8.463 ,8.312 
687,2014/11/11,8.962,9.215,9.502,8.962,6537389,600000,8.721 ,8.575 ,8.348 
688,2014/11/12,9.156,9.325,9.342,9.064,2710385,600000,8.900 ,8.689 ,8.384 
689,2014/11/13,9.367,9.232,9.604,9.165,3712639,600000,9.053 ,8.784 ,8.419 
690,2014/11/14,9.182,9.199,9.266,9.072,1984143,600000,9.175 ,8.843 ,8.452 
691,2014/11/17,9.232,9.072,9.35,9.055,2145198,600000,9.209 ,8.893 ,8.480 
692,2014/11/18,9.072,8.819,9.114,8.802,2549008,600000,9.129 ,8.925 ,8.500 
693,2014/11/19,8.802,8.836,8.895,8.768,1453266,600000,9.032 ,8.966 ,8.517 
694,2014/11/20,8.819,8.92,8.996,8.751,1624024,600000,8.969 ,9.011 ,8.538 
695,2014/11/21,8.928,9.106,9.131,8.827,2099976,600000,8.951 ,9.063 ,8.565 
696,2014/11/24,8.92,9.165,9.274,8.819,4740499,600000,8.969 ,9.089 ,8.596 
697,2014/11/25,9.123,9.35,9.359,9.072,2894900,600000,9.075 ,9.102 ,8.635 
698,2014/11/26,9.494,9.553,9.646,9.367,4522633,600000,9.219 ,9.125 ,8.678 
699,2014/11/27,9.688,9.688,9.891,9.519,4397382,600000,9.372 ,9.171 ,8.722 
700,2014/11/28,9.73,10.464,10.532,9.688,8321832,600000,9.644 ,9.297 ,8.794 
701,2014/12/1,10.507,10.262,10.954,10.228,6072703,600000,9.863 ,9.416 ,8.858 
702,2014/12/2,10.152,10.861,11.038,10.152,5893710,600000,10.166 ,9.621 ,8.945 
703,2014/12/3,10.836,10.616,11.215,10.397,7305614,600000,10.378 ,9.799 ,9.023 
704,2014/12/4,10.616,11.199,11.224,10.439,7200416,600000,10.680 ,10.026 ,9.122 
705,2014/12/5,11.325,11.418,11.815,10.886,8596476,600000,10.871 ,10.258 ,9.231 
706,2014/12/8,11.3,11.654,11.848,11.139,7039225,600000,11.150 ,10.507 ,9.353 
707,2014/12/9,11.443,10.675,11.95,10.515,8691937,600000,11.112 ,10.639 ,9.439 
708,2014/12/10,10.718,11.106,11.182,10.304,6202723,600000,11.210 ,10.794 ,9.536 
709,2014/12/11,10.937,11.013,11.435,10.844,4425711,600000,11.173 ,10.927 ,9.627 
710,2014/12/12,11.013,10.954,11.291,10.785,3105587,600000,11.080 ,10.976 ,9.705 
711,2014/12/15,10.802,10.768,10.819,10.515,3350254,600000,10.903 ,11.026 ,9.779 
712,2014/12/16,10.718,11.215,11.224,10.675,4386880,600000,11.011 ,11.062 ,9.869 
713,2014/12/17,11.384,11.907,12.144,11.249,8697035,600000,11.171 ,11.191 ,9.985 
714,2014/12/18,12,11.722,12.102,11.57,4996278,600000,11.313 ,11.243 ,10.094 
715,2014/12/19,11.781,11.891,11.983,11.502,4362442,600000,11.501 ,11.291 ,10.204 
716,2014/12/22,11.967,12.388,12.827,11.933,6834495,600000,11.825 ,11.364 ,10.320 
717,2014/12/23,12.152,11.907,12.642,11.882,4415787,600000,11.963 ,11.487 ,10.410 
718,2014/12/24,11.907,11.359,11.983,11.232,4175795,600000,11.853 ,11.512 ,10.477 
719,2014/12/25,11.604,12.026,12.042,11.418,4557219,600000,11.914 ,11.614 ,10.570 
720,2014/12/26,12.068,12.464,12.523,11.975,4669831,600000,12.029 ,11.765 ,10.679 
721,2014/12/29,12.996,12.616,13.401,12.414,6252161,600000,12.074 ,11.950 ,10.797 
722,2014/12/30,12.616,12.962,13.08,12.515,4436555,600000,12.285 ,12.124 ,10.936 
723,2014/12/31,13.038,13.241,13.325,12.751,4688323,600000,12.662 ,12.258 ,11.082 
724,2015/1/5,13.401,13.561,13.713,13.131,5135687,600000,12.969 ,12.442 ,11.237 
725,2015/1/6,13.502,13.612,14.076,13.351,5116845,600000,13.198 ,12.614 ,11.387 
726,2015/1/7,13.418,13.342,13.646,13.106,3857168,600000,13.344 ,12.709 ,11.526 
727,2015/1/8,13.393,12.869,13.401,12.827,3306271,600000,13.325 ,12.805 ,11.644 
728,2015/1/9,12.827,13.021,13.713,12.751,4919999,600000,13.281 ,12.971 ,11.759 
729,2015/1/12,13.08,12.844,13.258,12.616,3677872,600000,13.138 ,13.053 ,11.865 
730,2015/1/13,12.768,12.81,13.005,12.743,1784049,600000,12.977 ,13.088 ,11.943 
731,2015/1/14,12.92,13.072,13.325,12.92,3090188,600000,12.923 ,13.133 ,12.036 
732,2015/1/15,13.072,13.604,13.629,12.988,3298268,600000,13.070 ,13.198 ,12.128 
733,2015/1/16,13.705,13.899,14.135,13.637,4802458,600000,13.246 ,13.263 ,12.237 
734,2015/1/19,12.979,12.507,13.275,12.507,6235208,600000,13.178 ,13.158 ,12.281 
735,2015/1/20,12.557,12.659,12.802,12.304,4792157,600000,13.148 ,13.063 ,12.322 
736,2015/1/21,12.743,13.283,13.393,12.498,4875403,600000,13.190 ,13.057 ,12.377 
737,2015/1/22,13.275,13.19,13.3,12.954,2947382,600000,13.108 ,13.089 ,12.460 
738,2015/1/23,13.283,13.19,13.536,13.114,3200429,600000,12.966 ,13.106 ,12.530 
739,2015/1/26,13.131,13.021,13.156,12.768,2685669,600000,13.069 ,13.124 ,12.597 
740,2015/1/27,13.03,12.667,13.03,12.448,3519140,600000,13.070 ,13.109 ,12.654 
741,2015/1/28,12.507,12.498,12.751,12.372,2422030,600000,12.913 ,13.052 ,12.712 
742,2015/1/29,12.304,12.169,12.388,12.085,2669680,600000,12.709 ,12.908 ,12.743 
743,2015/1/30,12.304,12.211,12.397,12.118,2078653,600000,12.513 ,12.740 ,12.754 
744,2015/2/2,11.865,11.848,12.034,11.806,2116176,600000,12.279 ,12.674 ,12.758 
745,2015/2/3,11.992,12.194,12.203,11.831,1962635,600000,12.184 ,12.627 ,12.768 
746,2015/2/4,12.237,11.967,12.313,11.916,1678962,600000,12.078 ,12.496 ,12.754 
747,2015/2/5,12.448,11.967,12.49,11.958,3943326,600000,12.037 ,12.373 ,12.756 
748,2015/2/6,11.891,11.891,12.085,11.772,1865475,600000,11.973 ,12.243 ,12.774 
749,2015/2/9,11.865,11.95,12.042,11.688,2245855,600000,11.994 ,12.136 ,12.771 
750,2015/2/10,11.941,12.177,12.22,11.882,1836935,600000,11.990 ,12.087 ,12.761 
751,2015/2/11,12.177,12.169,12.27,12.076,1241270,600000,12.031 ,12.054 ,12.747 
752,2015/2/12,12.169,12.11,12.177,11.907,1489541,600000,12.059 ,12.048 ,12.718 
753,2015/2/13,12.237,12.177,12.38,12.11,2083668,600000,12.117 ,12.045 ,12.683 
754,2015/2/16,12.177,12.152,12.203,12.034,1392200,600000,12.157 ,12.075 ,12.636 
755,2015/2/17,12.169,12.211,12.304,12.161,1206652,600000,12.164 ,12.077 ,12.589 
756,2015/2/25,12.22,12.051,12.237,11.967,1409325,600000,12.140 ,12.086 ,12.546 
757,2015/2/26,12.026,12.338,12.388,11.907,2150139,600000,12.186 ,12.123 ,12.528 
758,2015/2/27,12.321,12.262,12.49,12.22,1956068,600000,12.203 ,12.160 ,12.503 
759,2015/3/2,12.304,12.22,12.304,12.118,2187632,600000,12.216 ,12.187 ,12.482 
760,2015/3/3,12.186,11.815,12.186,11.798,2663724,600000,12.137 ,12.151 ,12.449 
761,2015/3/4,11.857,11.739,11.874,11.688,1565959,600000,12.075 ,12.108 ,12.405 
762,2015/3/5,11.68,11.46,11.68,11.401,2265045,600000,11.899 ,12.043 ,12.333 
763,2015/3/6,11.46,11.502,11.629,11.426,1280363,600000,11.747 ,11.975 ,12.253 
764,2015/3/9,11.654,12.245,12.405,11.485,4348014,600000,11.752 ,11.984 ,12.244 
765,2015/3/10,12.085,11.899,12.127,11.874,2548447,600000,11.769 ,11.953 ,12.219 
766,2015/3/11,11.958,12.026,12.287,11.958,2150697,600000,11.826 ,11.951 ,12.177 
767,2015/3/12,12.363,12.76,13.131,12.304,6327818,600000,12.086 ,11.993 ,12.163 
768,2015/3/13,12.819,12.903,13.334,12.726,4401783,600000,12.367 ,12.057 ,12.153 
769,2015/3/16,13.131,13.055,13.173,12.827,3161166,600000,12.529 ,12.140 ,12.154 
770,2015/3/17,13.165,13.114,13.232,12.962,3096776,600000,12.772 ,12.270 ,12.169 
771,2015/3/18,13.14,13.401,13.401,13.021,3546551,600000,13.047 ,12.437 ,12.199 
772,2015/3/19,13.401,13.199,13.41,13.148,3167709,600000,13.134 ,12.610 ,12.234 
773,2015/3/20,13.182,13.291,13.578,12.971,4565312,600000,13.212 ,12.789 ,12.270 
774,2015/3/23,13.351,13.426,13.536,13.308,3575927,600000,13.286 ,12.907 ,12.322 
775,2015/3/24,13.41,13.241,13.502,13.165,3246575,600000,13.312 ,13.042 ,12.357 
776,2015/3/25,13.165,12.861,13.266,12.785,3317303,600000,13.204 ,13.125 ,12.387 
777,2015/3/26,12.785,12.962,13.148,12.692,2823407,600000,13.156 ,13.145 ,12.420 
778,2015/3/27,12.929,12.962,13.123,12.802,2181750,600000,13.090 ,13.151 ,12.456 
779,2015/3/30,13.123,13.519,13.671,13.03,4874426,600000,13.109 ,13.198 ,12.508 
780,2015/3/31,13.907,13.325,13.992,13.283,4940492,600000,13.126 ,13.219 ,12.547 
781,2015/4/1,13.325,13.46,13.621,13.291,3058783,600000,13.246 ,13.225 ,12.590 
782,2015/4/2,13.756,13.654,13.823,13.393,4100876,600000,13.384 ,13.270 ,12.641 
783,2015/4/3,13.502,13.671,13.747,13.443,3203615,600000,13.526 ,13.308 ,12.691 
784,2015/4/7,13.924,14.102,14.237,13.882,5022602,600000,13.642 ,13.376 ,12.756 
785,2015/4/8,14.118,14.363,14.38,13.882,5148163,600000,13.850 ,13.488 ,12.828 
786,2015/4/9,14.389,14.237,14.751,14.178,4973354,600000,14.005 ,13.626 ,12.900 
787,2015/4/10,14.228,14.794,14.827,14.144,4515434,600000,14.233 ,13.809 ,12.982 
788,2015/4/13,15.182,15.216,15.595,14.87,5814065,600000,14.542 ,14.034 ,13.081 
789,2015/4/14,15.216,15.097,15.224,14.819,3728370,600000,14.741 ,14.192 ,13.177 
790,2015/4/15,15.021,15.156,15.57,14.945,4496439,600000,14.900 ,14.375 ,13.288 
791,2015/4/16,15.165,15.739,15.756,15.064,4159845,600000,15.200 ,14.603 ,13.421 
792,2015/4/17,15.992,15.697,16.076,15.587,4901593,600000,15.381 ,14.807 ,13.563 
793,2015/4/20,15.798,15.106,15.798,14.853,5724358,600000,15.359 ,14.951 ,13.683 
794,2015/4/21,14.979,15.325,15.351,14.979,3681946,600000,15.405 ,15.073 ,13.785 
795,2015/4/22,15.443,15.612,15.654,15.258,4207667,600000,15.496 ,15.198 ,13.909 
796,2015/4/23,15.612,15.376,15.73,15.283,3635936,600000,15.423 ,15.312 ,14.021 
797,2015/4/24,15.021,14.92,15.216,14.735,4229271,600000,15.268 ,15.324 ,14.093 
798,2015/4/27,14.954,15.334,15.401,14.954,3845414,600000,15.313 ,15.336 ,14.174 
799,2015/4/28,15.393,15.443,16.034,15.19,6000539,600000,15.337 ,15.371 ,14.253 
800,2015/4/29,15.418,15.637,15.747,15.241,3583937,600000,15.342 ,15.419 ,14.338 
801,2015/4/30,15.426,15.249,15.578,15.232,4127605,600000,15.317 ,15.370 ,14.399 
802,2015/5/4,15.19,15.03,15.19,14.853,2580645,600000,15.339 ,15.303 ,14.460 
803,2015/5/5,14.962,14.414,14.979,14.22,3753864,600000,15.155 ,15.234 ,14.498 
804,2015/5/6,14.414,14.397,14.777,14.321,3036078,600000,14.945 ,15.141 ,14.530 
805,2015/5/7,14.372,14.405,14.583,14.329,2143907,600000,14.699 ,15.021 ,14.569 
806,2015/5/8,14.507,14.439,14.599,14.194,1845600,600000,14.537 ,14.927 ,14.621 
807,2015/5/11,14.329,14.574,14.608,14.169,2771534,600000,14.446 ,14.892 ,14.675 
808,2015/5/12,14.557,14.549,14.684,14.38,2191763,600000,14.473 ,14.814 ,14.728 
809,2015/5/13,14.625,14.405,14.675,14.262,2452444,600000,14.474 ,14.710 ,14.758 
810,2015/5/14,14.431,14.338,14.557,14.296,1923619,600000,14.461 ,14.580 ,14.791 
811,2015/5/15,14.27,14.161,14.405,14,2095972,600000,14.405 ,14.471 ,14.815 
812,2015/5/18,14.026,13.823,14.144,13.789,1875552,600000,14.255 ,14.351 ,14.820 
813,2015/5/19,13.815,14.38,14.422,13.798,2422512,600000,14.221 ,14.347 ,14.844 
814,2015/5/20,14.38,14.473,14.76,14.321,2656757,600000,14.235 ,14.355 ,14.856 
815,2015/5/21,14.557,14.616,14.684,14.431,1664034,600000,14.291 ,14.376 ,14.865 
816,2015/5/22,14.735,14.988,15.013,14.633,2480875,600000,14.456 ,14.431 ,14.890 
817,2015/5/25,15.064,15.308,15.342,15.055,2738747,600000,14.753 ,14.504 ,14.907 
818,2015/5/26,15.376,15.519,15.57,15.114,3016652,600000,14.981 ,14.601 ,14.917 
819,2015/5/27,15.562,15.249,15.739,15.232,2969423,600000,15.136 ,14.686 ,14.922 
820,2015/5/28,15.275,14.38,15.308,14.355,3340322,600000,15.089 ,14.690 ,14.896 
821,2015/5/29,14.414,14.38,14.642,14.102,2560873,600000,14.967 ,14.712 ,14.851 
822,2015/6/1,14.38,15.131,15.258,14.228,2863792,600000,14.932 ,14.842 ,14.832 
823,2015/6/2,15.131,15.055,15.165,14.768,2249355,600000,14.839 ,14.910 ,14.830 
824,2015/6/3,15.097,15.106,15.232,14.802,2441396,600000,14.810 ,14.973 ,14.823 
825,2015/6/4,15.19,15.722,15.865,14.836,4718649,600000,15.079 ,15.084 ,14.827 
826,2015/6/5,16.034,15.553,16.178,15.207,3624201,600000,15.313 ,15.140 ,14.833 
827,2015/6/17,15.604,15.359,16.017,15.148,5131186,600000,15.359 ,15.145 ,14.847 
828,2015/6/18,15.266,14.954,15.401,14.886,2782967,600000,15.339 ,15.089 ,14.835 
829,2015/6/19,14.836,14.405,15.148,14.211,2780902,600000,15.199 ,15.005 ,14.800 
830,2015/6/23,14.529,15.032,15.094,14.343,2977488,600000,15.061 ,15.070 ,14.780 
831,2015/6/24,15.041,15.235,15.279,14.644,2578253,600000,14.997 ,15.155 ,14.779 
832,2015/6/25,15.544,14.758,15.668,14.705,2716490,600000,14.877 ,15.118 ,14.770 
833,2015/6/26,14.511,13.999,15.085,13.54,3617767,600000,14.686 ,15.012 ,14.756 
834,2015/6/29,14.396,14.052,14.599,13.08,4206756,600000,14.615 ,14.907 ,14.745 
835,2015/6/30,14.069,14.979,14.997,14.052,3754112,600000,14.605 ,14.833 ,14.764 
836,2015/7/1,14.847,14.414,14.953,14.308,2505559,600000,14.440 ,14.719 ,14.763 
837,2015/7/2,14.573,14.458,14.864,13.963,3222648,600000,14.380 ,14.629 ,14.759 
838,2015/7/3,14.476,14.016,14.696,13.336,3127010,600000,14.384 ,14.535 ,14.742 
839,2015/7/6,15.368,15.209,15.421,14.688,6594218,600000,14.615 ,14.615 ,14.768 
840,2015/7/7,14.961,15.518,15.739,14.538,7137635,600000,14.723 ,14.664 ,14.808 
841,2015/7/8,14.308,14.087,15.456,13.963,8379504,600000,14.658 ,14.549 ,14.805 
842,2015/7/9,14.087,14.97,15.368,13.584,5452372,600000,14.760 ,14.570 ,14.844 
843,2015/7/10,14.802,15.262,16.03,14.705,6477685,600000,15.009 ,14.697 ,14.873 
844,2015/7/13,15.006,15.05,15.438,14.847,3725946,600000,14.977 ,14.796 ,14.892 
845,2015/7/14,14.82,14.794,14.997,14.449,3057258,600000,14.833 ,14.778 ,14.898 
846,2015/7/15,14.749,15.076,15.129,14.582,3482535,600000,15.030 ,14.844 ,14.901 
847,2015/7/16,15.076,14.979,15.12,14.758,1814025,600000,15.032 ,14.896 ,14.890 
848,2015/7/17,15.041,15.032,15.182,14.908,1959275,600000,14.986 ,14.998 ,14.874 
849,2015/7/20,15.014,14.732,15.041,14.705,1729181,600000,14.923 ,14.950 ,14.857 
850,2015/7/21,14.644,14.467,14.767,14.396,1562682,600000,14.857 ,14.845 ,14.859 
851,2015/7/22,14.423,14.273,14.467,14.264,1203527,600000,14.697 ,14.864 ,14.856 
852,2015/7/23,14.343,14.511,14.582,14.29,1145254,600000,14.603 ,14.818 ,14.835 
853,2015/7/24,14.511,14.255,14.564,14.246,1236091,600000,14.448 ,14.717 ,14.809 
854,2015/7/27,14.131,13.169,14.22,13.107,2250915,600000,14.135 ,14.529 ,14.744 
855,2015/7/28,12.965,13.46,13.601,12.912,2460950,600000,13.934 ,14.395 ,14.669 
856,2015/7/29,13.442,13.504,13.513,13.354,1358586,600000,13.780 ,14.238 ,14.600 
857,2015/7/30,13.504,13.16,13.566,13.142,1189217,600000,13.510 ,14.056 ,14.527 
858,2015/7/31,13.222,13.31,13.389,12.939,2349412,600000,13.321 ,13.884 ,14.472 
859,2015/8/3,13.239,13.734,13.778,13.124,2123671,600000,13.434 ,13.784 ,14.450 
860,2015/8/4,13.672,13.796,13.84,13.584,851543,600000,13.501 ,13.717 ,14.409 
861,2015/8/5,13.778,13.522,13.813,13.487,581858,600000,13.504 ,13.642 ,14.352 
862,2015/8/6,13.389,13.584,13.751,13.372,653779,600000,13.589 ,13.549 ,14.312 
863,2015/8/7,13.76,13.663,13.813,13.592,653022,600000,13.660 ,13.490 ,14.301 
864,2015/8/10,13.645,13.937,14.008,13.557,1169382,600000,13.700 ,13.567 ,14.297 
865,2015/8/11,13.866,13.751,13.91,13.698,1051041,600000,13.691 ,13.596 ,14.256 
866,2015/8/12,13.601,13.592,13.778,13.584,791843,600000,13.705 ,13.605 ,14.229 
867,2015/8/13,13.663,13.645,13.743,13.504,740342,600000,13.718 ,13.653 ,14.202 
868,2015/8/14,13.663,13.681,13.725,13.575,663560,600000,13.721 ,13.691 ,14.191 
869,2015/8/17,13.61,13.531,13.61,13.442,1208920,600000,13.640 ,13.670 ,14.135 
870,2015/8/18,13.557,13.133,13.707,13.098,1984452,600000,13.516 ,13.604 ,14.055 
871,2015/8/19,13.133,13.248,13.398,12.806,1990620,600000,13.448 ,13.577 ,14.027 
872,2015/8/20,13.195,12.965,13.239,12.948,881247,600000,13.312 ,13.515 ,13.961 
873,2015/8/21,12.904,12.559,13.018,12.541,1237928,600000,13.087 ,13.404 ,13.870 
874,2015/8/24,12.303,11.367,12.321,11.305,3348594,600000,12.654 ,13.147 ,13.748 
875,2015/8/25,11.075,10.943,11.552,10.519,2894706,600000,12.216 ,12.866 ,13.619 
876,2015/8/26,11.173,11.499,11.791,10.952,2352145,600000,11.867 ,12.657 ,13.500 
877,2015/8/27,11.623,12.347,12.444,11.464,2120088,600000,11.743 ,12.527 ,13.412 
878,2015/8/28,12.453,12.577,12.647,12.232,2089509,600000,11.747 ,12.417 ,13.331 
879,2015/8/31,12.541,13.213,13.23,12.33,2026285,600000,12.116 ,12.385 ,13.280 
880,2015/9/1,12.948,13.54,13.548,12.727,3049046,600000,12.635 ,12.426 ,13.249 
881,2015/9/2,13.16,13.151,13.575,13.001,2550452,600000,12.966 ,12.416 ,13.212 
882,2015/9/7,13.01,12.806,13.257,12.506,2879486,600000,13.057 ,12.400 ,13.155 
883,2015/9/8,12.824,13.301,13.389,12.559,3308141,600000,13.202 ,12.474 ,13.123 
884,2015/9/9,13.169,13.389,13.487,13.169,2419175,600000,13.237 ,12.677 ,13.130 
885,2015/9/10,13.301,13.469,13.487,13.213,2057490,600000,13.223 ,12.929 ,13.131 
886,2015/9/11,13.557,13.743,13.831,13.513,2887085,600000,13.342 ,13.154 ,13.139 
887,2015/9/14,13.69,14.069,14.087,13.186,1839366,600000,13.594 ,13.326 ,13.169 
888,2015/9/15,13.716,13.654,13.734,13.46,1076024,600000,13.665 ,13.434 ,13.180 
889,2015/9/16,13.522,13.628,13.955,13.275,741289,600000,13.713 ,13.475 ,13.177 
890,2015/9/17,13.548,13.345,13.654,13.336,508486,600000,13.688 ,13.456 ,13.162 
891,2015/9/18,13.389,13.275,13.504,13.266,408992,600000,13.594 ,13.468 ,13.154 
892,2015/9/21,13.213,13.222,13.319,13.107,404883,600000,13.425 ,13.510 ,13.141 
893,2015/9/22,13.222,13.292,13.451,13.222,386738,600000,13.352 ,13.509 ,13.129 
894,2015/9/23,13.169,13.204,13.248,12.965,545806,600000,13.268 ,13.490 ,13.105 
895,2015/9/24,13.204,13.487,13.513,13.133,788625,600000,13.296 ,13.492 ,13.096 
896,2015/9/25,13.381,13.769,13.796,13.381,1360708,600000,13.395 ,13.495 ,13.102 
897,2015/9/28,13.734,14.061,14.096,13.619,914258,600000,13.563 ,13.494 ,13.116 
898,2015/9/29,13.946,14.105,14.122,13.84,1141902,600000,13.725 ,13.539 ,13.130 
899,2015/9/30,14.087,14.688,14.705,14.043,2110381,600000,14.022 ,13.645 ,13.168 
900,2015/10/8,14.838,14.016,14.838,13.981,1400571,600000,14.128 ,13.712 ,13.198 
901,2015/10/9,14.105,14.043,14.264,13.999,415258,600000,14.183 ,13.789 ,13.224 
902,2015/10/12,14.043,14.184,14.352,13.893,936333,600000,14.207 ,13.885 ,13.265 
903,2015/10/13,14.114,14.105,14.228,13.999,546987,600000,14.207 ,13.966 ,13.316 
904,2015/10/14,13.963,14.043,14.211,13.963,442978,600000,14.078 ,14.050 ,13.406 
905,2015/10/26,14.158,14.379,14.635,14.158,1010410,600000,14.151 ,14.139 ,13.520 
906,2015/10/27,14.334,14.414,14.529,14.264,749339,600000,14.225 ,14.204 ,13.617 
907,2015/10/28,14.361,14.405,14.608,14.211,742262,600000,14.269 ,14.238 ,13.686 
908,2015/10/29,14.396,14.652,14.688,14.334,757605,600000,14.379 ,14.293 ,13.755 
909,2015/10/30,14.573,14.476,14.732,14.467,454654,600000,14.465 ,14.272 ,13.797 
910,2015/11/2,14.396,14.493,14.591,14.326,381227,600000,14.488 ,14.319 ,13.829 
911,2015/11/3,14.485,14.538,14.811,14.458,604850,600000,14.513 ,14.369 ,13.875 
912,2015/11/4,14.511,14.873,14.944,14.511,650539,600000,14.606 ,14.438 ,13.944 
913,2015/11/5,14.882,15.642,15.959,14.794,2317996,600000,14.804 ,14.592 ,14.022 
914,2015/11/6,15.474,15.792,16.057,15.465,1275942,600000,15.068 ,14.766 ,14.102 
915,2015/11/9,15.827,16.03,16.949,15.792,1578200,600000,15.375 ,14.932 ,14.188 
916,2015/11/10,15.898,16.224,16.507,15.739,1404271,600000,15.712 ,15.113 ,14.270 
917,2015/11/11,16.26,15.659,16.33,15.456,921302,600000,15.869 ,15.238 ,14.323 
918,2015/11/12,15.721,15.332,15.748,15.147,777901,600000,15.807 ,15.306 ,14.379 
919,2015/11/13,15.191,15.527,15.544,15.147,734331,600000,15.754 ,15.411 ,14.443 
920,2015/11/16,15.315,15.385,15.527,15.191,451446,600000,15.625 ,15.500 ,14.511 
921,2015/11/17,15.421,15.403,15.73,15.385,635392,600000,15.461 ,15.587 ,14.581 
922,2015/11/18,15.43,15.359,15.615,15.226,575845,600000,15.401 ,15.635 ,14.653 
923,2015/11/19,15.279,15.809,15.889,15.279,1025434,600000,15.497 ,15.652 ,14.737 
924,2015/11/20,15.73,16.313,16.454,15.703,1482062,600000,15.654 ,15.704 ,14.840 
925,2015/11/23,16.348,16.834,16.896,16.286,1712037,600000,15.944 ,15.785 ,14.952 
926,2015/11/24,16.693,16.825,16.887,16.419,1293891,600000,16.228 ,15.845 ,15.054 
927,2015/11/25,16.693,17.373,17.381,16.286,3265247,600000,16.631 ,16.016 ,15.164 
928,2015/11/26,17.222,17.108,17.399,16.957,2149442,600000,16.891 ,16.194 ,15.264 
929,2015/11/27,16.922,16.366,17.152,16.251,1056087,600000,16.901 ,16.278 ,15.320 
930,2015/11/30,16.286,16.472,16.613,15.544,976338,600000,16.829 ,16.386 ,15.402 
931,2015/12/1,16.207,16.481,16.781,15.968,634305,600000,16.760 ,16.494 ,15.483 
932,2015/12/2,16.348,17.532,17.664,16.322,1536080,600000,16.792 ,16.711 ,15.595 
933,2015/12/3,17.399,17.002,17.461,16.975,1103463,600000,16.771 ,16.831 ,15.691 
934,2015/12/4,17.019,16.525,17.019,16.507,702758,600000,16.802 ,16.852 ,15.774 
935,2015/12/7,16.525,17.178,17.222,16.525,833468,600000,16.944 ,16.886 ,15.867 
936,2015/12/8,17.028,17.752,17.77,16.613,2398849,600000,17.198 ,16.979 ,15.979 
937,2015/12/9,17.293,16.984,17.293,16.878,920494,600000,17.088 ,16.940 ,16.065 
938,2015/12/10,17.081,17.019,17.558,16.878,570913,600000,17.092 ,16.931 ,16.144 
939,2015/12/11,16.79,16.428,16.975,16.277,870668,600000,17.072 ,16.937 ,16.209 
940,2015/12/14,16.171,16.295,16.454,15.924,707369,600000,16.896 ,16.920 ,16.269 
941,2015/12/15,16.286,16.171,16.622,16.048,516857,600000,16.579 ,16.889 ,16.323 
942,2015/12/16,16.216,16.057,16.295,15.995,387006,600000,16.394 ,16.741 ,16.363 
943,2015/12/17,16.127,16.33,16.436,16.074,533040,600000,16.256 ,16.674 ,16.386 
944,2015/12/18,16.33,16.613,17.487,16.277,922119,600000,16.293 ,16.683 ,16.413 
945,2015/12/21,16.595,16.904,17.134,16.375,824900,600000,16.415 ,16.655 ,16.442 
946,2015/12/22,16.79,16.693,17.037,16.578,531227,600000,16.519 ,16.549 ,16.458 
947,2015/12/23,16.701,16.675,16.896,16.436,661281,600000,16.643 ,16.519 ,16.492 
948,2015/12/24,16.648,16.816,16.904,16.489,571715,600000,16.740 ,16.498 ,16.541 
949,2015/12/25,16.799,17.063,17.205,16.719,554278,600000,16.830 ,16.562 ,16.592 
950,2015/12/28,17.108,16.516,17.161,16.445,499806,600000,16.753 ,16.584 ,16.630 
951,2015/12/29,16.454,16.551,16.71,16.242,472884,600000,16.724 ,16.622 ,16.668 
952,2015/12/30,16.525,16.401,16.587,16.171,356873,600000,16.669 ,16.656 ,16.703 
953,2015/12/31,16.357,16.136,16.357,16.127,279361,600000,16.533 ,16.637 ,16.714 
954,2016/1/4,16.145,15.659,16.145,15.5,422406,600000,16.253 ,16.541 ,16.692 
955,2016/1/5,15.465,15.862,15.951,15.368,580547,600000,16.122 ,16.437 ,16.660 
956,2016/1/6,15.809,15.986,16.021,15.624,467726,600000,16.009 ,16.367 ,16.632 
957,2016/1/7,15.721,15.465,15.809,15.368,113504,600000,15.822 ,16.246 ,16.568 
958,2016/1/8,15.668,15.447,15.792,14.935,719182,600000,15.684 ,16.109 ,16.513 
959,2016/1/11,15.2,15.059,15.412,14.979,901771,600000,15.564 ,15.908 ,16.469 
960,2016/1/12,15.165,15.412,15.474,15.085,553744,600000,15.474 ,15.798 ,16.434 
961,2016/1/13,15.518,15.359,15.809,15.324,478693,600000,15.348 ,15.679 ,16.396 
962,2016/1/14,15.014,15.827,15.889,14.917,548388,600000,15.421 ,15.621 ,16.340 
963,2016/1/15,15.721,15.527,16.03,15.474,467231,600000,15.437 ,15.560 ,16.290 
964,2016/1/18,15.394,15.615,15.889,15.297,327290,600000,15.548 ,15.556 ,16.260 
965,2016/1/19,15.703,15.695,15.792,15.456,298071,600000,15.605 ,15.539 ,16.211 
966,2016/1/20,15.553,15.235,15.633,15.085,359686,600000,15.580 ,15.464 ,16.127 
967,2016/1/21,15.209,14.644,15.421,14.573,341971,600000,15.343 ,15.382 ,16.049 
968,2016/1/22,14.873,15.032,15.112,14.564,420073,600000,15.244 ,15.341 ,15.982 
969,2016/1/25,15.014,15.041,15.165,14.767,235589,600000,15.129 ,15.339 ,15.936 
970,2016/1/26,14.979,14.714,15.138,14.485,382797,600000,14.933 ,15.269 ,15.884 
971,2016/1/27,14.794,14.732,14.997,14.582,442913,600000,14.833 ,15.206 ,15.836 
972,2016/1/28,14.802,14.644,14.855,14.025,389021,600000,14.833 ,15.088 ,15.788 
973,2016/1/29,14.591,14.926,15.059,14.493,474290,600000,14.811 ,15.028 ,15.742 
974,2016/2/1,15.006,14.573,15.014,14.493,291395,600000,14.718 ,14.924 ,15.674 
975,2016/2/2,14.573,14.802,14.961,14.538,253809,600000,14.735 ,14.834 ,15.604 
976,2016/2/3,14.661,14.67,14.714,14.529,277791,600000,14.723 ,14.778 ,15.536 
977,2016/2/4,14.873,15.279,15.297,14.688,471628,600000,14.850 ,14.841 ,15.490 
978,2016/2/5,15.226,16.233,16.242,15.147,784134,600000,15.111 ,14.961 ,15.470 
979,2016/2/15,15.88,16.295,16.322,15.721,672963,600000,15.456 ,15.087 ,15.445 
980,2016/3/11,15.465,14.988,15.483,14.67,982403,600000,15.493 ,15.114 ,15.394 
981,2016/3/14,14.908,14.891,15.43,14.855,569222,600000,15.537 ,15.130 ,15.338 
982,2016/3/15,14.97,15.032,15.182,14.847,375409,600000,15.488 ,15.169 ,15.293 
983,2016/3/16,14.944,15.924,15.959,14.935,1084043,600000,15.426 ,15.269 ,15.286 
984,2016/3/17,15.73,15.633,16.065,15.412,686358,600000,15.294 ,15.375 ,15.285 
985,2016/3/18,15.712,15.756,15.898,15.589,559879,600000,15.447 ,15.470 ,15.281 
986,2016/3/21,15.703,15.951,16.118,15.703,420015,600000,15.659 ,15.598 ,15.280 
987,2016/3/22,15.977,16.03,16.454,15.915,437608,600000,15.859 ,15.673 ,15.299 
988,2016/3/23,16.039,16.012,16.207,15.951,278307,600000,15.876 ,15.651 ,15.318 
989,2016/3/24,15.995,15.65,15.995,15.615,274482,600000,15.880 ,15.587 ,15.337 
990,2016/3/25,15.65,15.668,15.783,15.615,136191,600000,15.862 ,15.655 ,15.346 
991,2016/3/28,15.703,15.412,15.898,15.341,245216,600000,15.754 ,15.707 ,15.348 
992,2016/3/29,15.483,15.412,15.597,15.341,191511,600000,15.631 ,15.745 ,15.334 
993,2016/3/30,15.589,15.783,15.853,15.589,355621,600000,15.585 ,15.731 ,15.342 
994,2016/3/31,15.88,15.836,15.968,15.65,237621,600000,15.622 ,15.751 ,15.350 
995,2016/4/1,15.88,16.057,16.118,15.553,357905,600000,15.700 ,15.781 ,15.362 
996,2016/4/5,15.845,16.048,16.154,15.686,426222,600000,15.827 ,15.791 ,15.389 
997,2016/4/6,15.924,15.862,16.021,15.783,234287,600000,15.917 ,15.774 ,15.430 
998,2016/4/7,15.853,15.624,15.898,15.571,290477,600000,15.885 ,15.735 ,15.449 
999,2016/4/8,15.509,15.544,15.686,15.483,171322,600000,15.827 ,15.725 ,15.466 
1000,2016/4/11,15.544,15.606,15.739,15.5,241176,600000,15.737 ,15.718 ,15.496 
1001,2016/4/12,15.624,15.562,15.633,15.483,141007,600000,15.640 ,15.733 ,15.523 
1002,2016/4/13,15.659,15.668,15.889,15.624,351897,600000,15.601 ,15.759 ,15.558 
1003,2016/4/14,15.809,15.721,15.906,15.677,157962,600000,15.620 ,15.753 ,15.584 
1004,2016/4/15,15.853,15.8,15.951,15.721,347735,600000,15.671 ,15.749 ,15.625 
1005,2016/4/18,15.677,15.73,15.924,15.597,280841,600000,15.696 ,15.717 ,15.656 
1006,2016/4/19,15.853,15.809,15.88,15.703,272463,600000,15.746 ,15.693 ,15.694 
1007,2016/4/20,15.8,15.862,15.889,15.288,466146,600000,15.784 ,15.693 ,15.713 
1008,2016/4/21,15.739,16.004,16.207,15.677,482129,600000,15.841 ,15.731 ,15.706 
1009,2016/4/22,15.898,16.11,16.216,15.845,281781,600000,15.903 ,15.787 ,15.700 
1010,2016/4/25,16.03,15.792,16.039,15.739,242943,600000,15.915 ,15.806 ,15.726 
1011,2016/4/26,15.783,15.827,15.968,15.677,157394,600000,15.919 ,15.832 ,15.758 
1012,2016/4/27,15.871,15.774,15.871,15.721,138388,600000,15.901 ,15.843 ,15.782 
1013,2016/4/28,15.836,15.809,15.986,15.748,157284,600000,15.862 ,15.852 ,15.778 
1014,2016/4/29,15.748,15.748,15.845,15.677,230659,600000,15.790 ,15.847 ,15.782 
1015,2016/5/3,15.853,16.004,16.11,15.748,277767,600000,15.832 ,15.874 ,15.791 
1016,2016/5/4,15.951,15.968,16.101,15.915,231189,600000,15.861 ,15.890 ,15.791 
1017,2016/5/5,15.951,15.951,16.004,15.88,149366,600000,15.896 ,15.899 ,15.788 
1018,2016/5/6,15.959,15.659,15.986,15.642,234067,600000,15.866 ,15.864 ,15.777 
1019,2016/5/9,15.642,15.465,15.721,15.368,219475,600000,15.809 ,15.800 ,15.771 
1020,2016/5/10,15.35,15.438,15.509,15.35,168466,600000,15.696 ,15.764 ,15.763 
1021,2016/5/11,15.5,15.412,15.518,15.368,119411,600000,15.585 ,15.723 ,15.763 
1022,2016/5/12,15.394,15.377,15.456,15.191,146689,600000,15.470 ,15.683 ,15.762 
1023,2016/5/13,15.341,15.226,15.421,15.209,110138,600000,15.384 ,15.625 ,15.743 
1024,2016/5/16,15.218,15.271,15.324,15.2,110456,600000,15.345 ,15.577 ,15.724 
1025,2016/5/17,15.271,15.235,15.315,15.156,97651,600000,15.304 ,15.500 ,15.697 
1026,2016/5/18,15.235,15.509,15.562,15.032,309624,600000,15.324 ,15.454 ,15.679 
1027,2016/5/19,15.403,15.324,15.447,15.306,103808,600000,15.313 ,15.392 ,15.661 
1028,2016/5/20,15.288,15.412,15.456,15.253,111406,600000,15.350 ,15.367 ,15.654 
1029,2016/5/23,15.456,15.5,15.615,15.403,140806,600000,15.396 ,15.370 ,15.652 
1030,2016/5/24,15.438,15.5,15.544,15.394,107259,600000,15.449 ,15.377 ,15.649 
1031,2016/5/25,15.615,15.606,15.659,15.544,137662,600000,15.468 ,15.396 ,15.650 
1032,2016/5/26,15.589,15.633,15.774,15.589,110650,600000,15.530 ,15.422 ,15.649 
1033,2016/5/27,15.624,15.668,15.695,15.571,116212,600000,15.581 ,15.466 ,15.647 
1034,2016/5/30,15.756,15.853,15.871,15.615,175381,600000,15.652 ,15.524 ,15.649 
1035,2016/5/31,15.836,16.154,16.251,15.827,356315,600000,15.783 ,15.616 ,15.663 
1036,2016/6/1,16.163,16.065,16.207,16.012,183124,600000,15.875 ,15.672 ,15.672 
1037,2016/6/2,16.074,15.915,16.163,15.836,177865,600000,15.931 ,15.731 ,15.674 
1038,2016/6/3,16.004,15.906,16.012,15.809,180035,600000,15.979 ,15.780 ,15.670 
1039,2016/6/6,15.942,15.915,15.995,15.871,178562,600000,15.991 ,15.822 ,15.664 
1040,2016/6/7,15.986,15.915,16.012,15.871,165339,600000,15.943 ,15.863 ,15.668 
1041,2016/6/8,15.906,15.889,15.959,15.871,237583,600000,15.908 ,15.891 ,15.670 
1042,2016/6/13,15.774,15.703,15.845,15.695,300515,600000,15.866 ,15.898 ,15.668 
1043,2016/6/14,15.695,15.712,15.748,15.633,187733,600000,15.827 ,15.903 ,15.664 
1044,2016/6/15,15.553,15.668,15.686,15.5,263321,600000,15.777 ,15.884 ,15.662 
1045,2016/6/16,15.606,15.721,15.836,15.544,308711,600000,15.739 ,15.841 ,15.652 
1046,2016/6/17,15.677,15.695,15.889,15.668,174122,600000,15.700 ,15.804 ,15.643 
1047,2016/6/20,15.836,15.765,15.836,15.677,96814,600000,15.712 ,15.789 ,15.637 
1048,2016/6/21,15.792,15.703,15.853,15.677,158528,600000,15.710 ,15.769 ,15.639 
1049,2016/6/22,15.721,15.8,15.809,15.703,142275,600000,15.737 ,15.757 ,15.650 
1050,2016/6/23,15.9,15.72,15.9,15.71,128822,600000,15.737 ,15.738 ,15.659 
1051,2016/6/24,15.7,15.28,15.79,15.08,305755,600000,15.654 ,15.677 ,15.655 
1052,2016/6/27,15.29,15.31,15.39,15.18,191634,600000,15.563 ,15.637 ,15.652 
1053,2016/6/28,15.27,15.28,15.3,15.18,125598,600000,15.478 ,15.594 ,15.654 
1054,2016/6/29,15.29,15.5,15.54,15.28,212533,600000,15.418 ,15.577 ,15.662 
1055,2016/6/30,15.5,15.57,15.66,15.44,207358,600000,15.388 ,15.562 ,15.673 
1056,2016/7/1,15.57,15.92,15.96,15.54,251064,600000,15.516 ,15.585 ,15.687 
1057,2016/7/4,15.86,15.93,16.03,15.8,214116,600000,15.640 ,15.601 ,15.707 
1058,2016/7/5,15.94,15.79,15.95,15.75,161716,600000,15.742 ,15.610 ,15.720 
1059,2016/7/6,15.71,15.64,15.76,15.61,229765,600000,15.770 ,15.594 ,15.724 
1060,2016/7/7,15.63,15.57,15.64,15.45,244980,600000,15.770 ,15.579 ,15.727 
1061,2016/7/8,15.55,15.45,15.56,15.44,149013,600000,15.676 ,15.596 ,15.721 
1062,2016/7/11,15.56,15.43,15.57,15.4,228524,600000,15.576 ,15.608 ,15.715 
1063,2016/7/12,15.48,15.64,15.65,15.45,255451,600000,15.546 ,15.644 ,15.714 
1064,2016/7/13,15.65,15.79,15.97,15.64,362380,600000,15.576 ,15.673 ,15.712 
1065,2016/7/14,15.77,15.7,15.84,15.64,168834,600000,15.602 ,15.686 ,15.696 
1066,2016/7/15,15.71,15.71,15.75,15.65,159981,600000,15.654 ,15.665 ,15.685 
1067,2016/7/18,15.73,15.77,15.91,15.66,277669,600000,15.722 ,15.649 ,15.680 
1068,2016/7/19,15.77,15.73,15.8,15.65,171798,600000,15.740 ,15.643 ,15.674 
1069,2016/7/20,15.7,15.75,15.76,15.63,148665,600000,15.732 ,15.654 ,15.668 
1070,2016/7/21,15.74,15.83,15.87,15.7,220204,600000,15.758 ,15.680 ,15.666 
1071,2016/7/22,15.81,15.63,15.82,15.58,167117,600000,15.742 ,15.698 ,15.657 
1072,2016/7/25,15.63,15.69,15.76,15.63,114419,600000,15.726 ,15.724 ,15.656 
1073,2016/7/26,15.69,15.74,15.79,15.65,204623,600000,15.728 ,15.734 ,15.657 
1074,2016/7/27,15.73,15.87,15.88,15.45,406973,600000,15.752 ,15.742 ,15.664 
1075,2016/7/28,15.77,15.68,15.79,15.65,174513,600000,15.722 ,15.740 ,15.663 
1076,2016/7/29,15.65,15.7,15.71,15.61,143483,600000,15.736 ,15.739 ,15.663 
1077,2016/8/1,15.68,15.8,15.85,15.65,229099,600000,15.758 ,15.742 ,15.664 
1078,2016/8/2,15.79,15.75,15.85,15.68,108778,600000,15.760 ,15.744 ,15.666 
1079,2016/8/3,15.64,15.67,15.72,15.62,105839,600000,15.720 ,15.736 ,15.661 
1080,2016/8/4,15.69,15.59,15.69,15.49,156104,600000,15.702 ,15.712 ,15.657 
1081,2016/8/5,15.6,15.73,15.8,15.59,176485,600000,15.708 ,15.722 ,15.672 
1082,2016/8/8,15.76,15.74,15.76,15.66,131293,600000,15.696 ,15.727 ,15.686 
1083,2016/8/9,15.75,15.79,15.8,15.71,154808,600000,15.704 ,15.732 ,15.703 
1084,2016/8/10,15.8,15.83,15.85,15.73,184995,600000,15.736 ,15.728 ,15.714 
1085,2016/8/11,15.75,16.07,16.4,15.74,526894,600000,15.832 ,15.767 ,15.731 
1086,2016/8/12,16.12,16.36,16.39,16,469916,600000,15.958 ,15.833 ,15.746 
1087,2016/8/15,16.5,16.94,17.02,16.45,773338,600000,16.198 ,15.947 ,15.779 
1088,2016/8/16,16.94,16.7,16.99,16.67,493840,600000,16.380 ,16.042 ,15.810 
1089,2016/8/17,16.72,16.64,16.85,16.52,364465,600000,16.542 ,16.139 ,15.843 
1090,2016/8/18,16.55,16.44,16.77,16.35,371101,600000,16.616 ,16.224 ,15.872 
1091,2016/8/19,16.43,16.42,16.5,16.36,199273,600000,16.628 ,16.293 ,15.904 
1092,2016/8/22,16.42,16.41,16.47,16.31,197686,600000,16.522 ,16.360 ,15.937 
1093,2016/8/23,16.41,16.4,16.56,16.32,317543,600000,16.462 ,16.421 ,15.962 
1094,2016/8/24,16.41,16.39,16.51,16.34,170854,600000,16.412 ,16.477 ,15.982 
1095,2016/8/25,16.36,16.34,16.41,16.2,247499,600000,16.392 ,16.504 ,16.004 
1096,2016/8/26,16.36,16.34,16.4,16.29,146880,600000,16.376 ,16.502 ,16.025 
1097,2016/8/29,16.31,16.23,16.37,16.08,302020,600000,16.340 ,16.431 ,16.040 
1098,2016/8/30,16.24,16.4,16.49,16.24,363969,600000,16.340 ,16.401 ,16.062 
1099,2016/8/31,16.35,16.48,16.56,16.32,220034,600000,16.358 ,16.385 ,16.087 
1100,2016/9/1,16.48,16.41,16.55,16.38,212720,600000,16.372 ,16.382 ,16.106 
1101,2016/9/2,16.38,16.48,16.5,16.35,231470,600000,16.400 ,16.388 ,16.134 
1102,2016/9/5,16.49,16.49,16.58,16.42,256770,600000,16.452 ,16.396 ,16.161 
1103,2016/9/6,16.49,16.41,16.53,16.37,202826,600000,16.454 ,16.397 ,16.183 
1104,2016/9/7,16.41,16.48,16.5,16.35,179755,600000,16.454 ,16.406 ,16.204 
1105,2016/9/8,16.47,16.6,16.61,16.43,244069,600000,16.492 ,16.432 ,16.234 
1106,2016/9/9,16.62,16.56,16.66,16.5,187394,600000,16.508 ,16.454 ,16.263 
1107,2016/9/12,16.38,16.4,16.47,16.26,365091,600000,16.490 ,16.471 ,16.283 
1108,2016/9/13,16.4,16.45,16.46,16.39,142343,600000,16.498 ,16.476 ,16.306 
1109,2016/9/14,16.43,16.4,16.48,16.38,239814,600000,16.482 ,16.468 ,16.331 
1110,2016/9/19,16.45,16.46,16.51,16.42,144659,600000,16.454 ,16.473 ,16.360 
1111,2016/9/20,16.47,16.46,16.48,16.42,173968,600000,16.434 ,16.471 ,16.384 
1112,2016/9/21,16.47,16.45,16.51,16.43,94161,600000,16.444 ,16.467 ,16.408 
1113,2016/9/22,16.49,16.53,16.59,16.47,115278,600000,16.460 ,16.479 ,16.432 
1114,2016/9/23,16.55,16.48,16.55,16.48,102004,600000,16.476 ,16.479 ,16.454 
1115,2016/9/26,16.45,16.48,16.57,16.41,207691,600000,16.480 ,16.467 ,16.468 
1116,2016/9/27,16.42,16.48,16.52,16.42,170254,600000,16.484 ,16.459 ,16.472 
1117,2016/9/28,16.48,16.48,16.53,16.46,128419,600000,16.490 ,16.467 ,16.456 
1118,2016/9/29,16.52,16.5,16.55,16.49,109974,600000,16.484 ,16.472 ,16.450 
1119,2016/9/30,16.5,16.49,16.53,16.48,121902,600000,16.486 ,16.481 ,16.445 
1120,2016/10/10,16.53,16.55,16.6,16.48,186668,600000,16.500 ,16.490 ,16.448 
1121,2016/10/11,16.57,16.57,16.58,16.5,126903,600000,16.518 ,16.501 ,16.453 
1122,2016/10/12,16.54,16.51,16.54,16.48,106438,600000,16.524 ,16.507 ,16.457 
1123,2016/10/13,16.51,16.43,16.52,16.42,145043,600000,16.510 ,16.497 ,16.458 
1124,2016/10/14,16.43,16.46,16.47,16.38,106601,600000,16.504 ,16.495 ,16.460 
1125,2016/10/17,16.41,16.27,16.44,16.22,164249,600000,16.448 ,16.474 ,16.458 
1126,2016/10/18,16.28,16.34,16.39,16.24,182518,600000,16.402 ,16.460 ,16.458 
1127,2016/10/19,16.35,16.27,16.39,16.24,111431,600000,16.354 ,16.439 ,16.459 
1128,2016/10/20,16.27,16.29,16.34,16.25,89857,600000,16.326 ,16.418 ,16.455 
1129,2016/10/21,16.29,16.3,16.34,16.22,108847,600000,16.294 ,16.399 ,16.449 
1130,2016/10/24,16.3,16.47,16.58,16.27,247572,600000,16.334 ,16.391 ,16.451 
1131,2016/10/25,16.48,16.42,16.5,16.36,133093,600000,16.350 ,16.376 ,16.449 
1132,2016/10/26,16.4,16.32,16.42,16.3,124368,600000,16.360 ,16.357 ,16.444 
1133,2016/10/27,16.3,16.19,16.31,16.18,195174,600000,16.340 ,16.333 ,16.436 
1134,2016/10/28,16.19,16.29,16.34,16.18,150672,600000,16.338 ,16.316 ,16.430 
1135,2016/10/31,16.23,16.27,16.31,16.01,146732,600000,16.298 ,16.316 ,16.419 
1136,2016/11/1,16.26,16.3,16.33,16.21,130282,600000,16.274 ,16.312 ,16.410 
1137,2016/11/2,16.21,16.2,16.3,16.18,250511,600000,16.250 ,16.305 ,16.404 
1138,2016/11/3,16.19,16.35,16.38,16.19,258641,600000,16.282 ,16.311 ,16.400 
1139,2016/11/4,16.3,16.4,16.53,16.29,215164,600000,16.304 ,16.321 ,16.400 
1140,2016/11/7,16.39,16.42,16.45,16.38,213516,600000,16.334 ,16.316 ,16.399 
1141,2016/11/8,16.45,16.47,16.54,16.44,173071,600000,16.368 ,16.321 ,16.399 
1142,2016/11/9,16.47,16.46,16.53,16.36,398265,600000,16.420 ,16.335 ,16.400 
1143,2016/11/10,16.55,16.57,16.64,16.48,204845,600000,16.464 ,16.373 ,16.401 
1144,2016/11/11,16.56,16.59,16.63,16.45,215391,600000,16.502 ,16.403 ,16.405 
1145,2016/11/14,16.53,16.6,16.7,16.52,181244,600000,16.538 ,16.436 ,16.409 
1146,2016/11/15,16.59,16.59,16.61,16.5,157141,600000,16.562 ,16.465 ,16.412 
1147,2016/11/16,16.59,16.6,16.63,16.54,123955,600000,16.590 ,16.505 ,16.416 
1148,2016/11/17,16.58,16.6,16.63,16.52,227185,600000,16.596 ,16.530 ,16.420 
1149,2016/11/18,16.59,16.6,16.64,16.55,292743,600000,16.598 ,16.550 ,16.423 
1150,2016/11/21,16.59,16.64,16.73,16.54,214324,600000,16.606 ,16.572 ,16.426 
1151,2016/11/22,16.67,16.68,16.72,16.63,210809,600000,16.624 ,16.593 ,16.430 
1152,2016/11/23,16.68,16.93,17.23,16.66,450364,600000,16.690 ,16.640 ,16.444 
1153,2016/11/24,16.93,16.89,17.12,16.86,210431,600000,16.748 ,16.672 ,16.459 
1154,2016/11/25,16.89,17.09,17.1,16.81,233352,600000,16.846 ,16.722 ,16.480 
1155,2016/11/28,17.15,17.21,17.49,17.15,338352,600000,16.960 ,16.783 ,16.512 
1156,2016/11/29,17.21,17.26,17.35,17.11,295300,600000,17.076 ,16.850 ,16.542 
1157,2016/11/30,17.28,17.16,17.45,17.1,201350,600000,17.122 ,16.906 ,16.572 
1158,2016/12/1,17.15,17.15,17.27,17.05,184492,600000,17.174 ,16.961 ,16.601 
1159,2016/12/2,17.1,17.1,17.18,16.8,338958,600000,17.176 ,17.011 ,16.627 
1160,2016/12/5,16.95,17.3,17.32,16.91,382013,600000,17.194 ,17.077 ,16.655 
1161,2016/12/6,17.28,17.22,17.42,17.2,209480,600000,17.186 ,17.131 ,16.682 
1162,2016/12/7,17.17,17.07,17.2,17.06,155507,600000,17.168 ,17.145 ,16.707 
1163,2016/12/8,17.15,17.14,17.2,17.04,132345,600000,17.166 ,17.170 ,16.738 
1164,2016/12/9,17.14,17.34,17.46,17.12,288356,600000,17.214 ,17.195 ,16.773 
1165,2016/12/12,17.34,17.49,17.57,17.19,483595,600000,17.252 ,17.223 ,16.814 
1166,2016/12/13,17.36,17.17,17.44,17.16,156028,600000,17.242 ,17.214 ,16.843 
1167,2016/12/14,17.17,17.18,17.42,17.12,178605,600000,17.264 ,17.216 ,16.876 
1168,2016/12/15,17.13,16.7,17.13,16.7,308096,600000,17.176 ,17.171 ,16.887 
1169,2016/12/16,16.7,16.66,16.83,16.63,145313,600000,17.040 ,17.127 ,16.896 
1170,2016/12/19,16.65,16.52,16.7,16.51,84834,600000,16.846 ,17.049 ,16.899 
1171,2016/12/20,16.52,16.28,16.56,16.12,225258,600000,16.668 ,16.955 ,16.893 
1172,2016/12/21,16.26,16.32,16.37,16.25,126388,600000,16.496 ,16.880 ,16.888 
1173,2016/12/22,16.32,16.19,16.33,16.14,114991,600000,16.394 ,16.785 ,16.876 
1174,2016/12/23,16.17,16.19,16.22,16.07,111879,600000,16.300 ,16.670 ,16.862 
1175,2016/12/26,16.13,16.25,16.28,16.01,144824,600000,16.246 ,16.546 ,16.851 
1176,2016/12/27,16.25,16.14,16.32,16.13,106658,600000,16.218 ,16.443 ,16.836 
1177,2016/12/28,16.14,16.09,16.19,16.03,144415,600000,16.172 ,16.334 ,16.819 
1178,2016/12/29,16.09,16.07,16.15,15.99,118513,600000,16.148 ,16.271 ,16.801 
1179,2016/12/30,16.07,16.21,16.23,16.04,122621,600000,16.152 ,16.226 ,16.788 
1180,2017/1/3,16.21,16.3,16.44,16.17,162371,600000,16.162 ,16.204 ,16.777 
1181,2017/1/4,16.29,16.33,16.35,16.18,296587,600000,16.200 ,16.209 ,16.765 
1182,2017/1/5,16.3,16.3,16.38,16.24,264376,600000,16.242 ,16.207 ,16.744 
1183,2017/1/6,16.3,16.18,16.3,16.13,171955,600000,16.264 ,16.206 ,16.720 
1184,2017/1/9,16.24,16.2,16.29,16.13,149087,600000,16.262 ,16.207 ,16.691 
1185,2017/1/10,16.18,16.19,16.24,16.14,79967,600000,16.240 ,16.201 ,16.657 
1186,2017/1/11,16.24,16.16,16.24,16.15,91933,600000,16.206 ,16.203 ,16.620 
1187,2017/1/12,16.18,16.12,16.2,16.11,82961,600000,16.170 ,16.206 ,16.585 
1188,2017/1/13,16.1,16.27,16.29,16.1,190341,600000,16.188 ,16.226 ,16.556 
1189,2017/1/16,16.23,16.56,16.6,16.1,533047,600000,16.260 ,16.261 ,16.538 
1190,2017/1/17,16.46,16.4,16.54,16.37,125552,600000,16.302 ,16.271 ,16.508 
1191,2017/1/18,16.42,16.48,16.55,16.36,114786,600000,16.366 ,16.286 ,16.483 
1192,2017/1/19,16.43,16.54,16.64,16.43,121806,600000,16.450 ,16.310 ,16.466 
1193,2017/1/20,16.58,16.6,16.66,16.5,142882,600000,16.516 ,16.352 ,16.448 
1194,2017/1/23,16.66,16.57,16.69,16.51,146165,600000,16.518 ,16.389 ,16.422 
1195,2017/1/24,16.58,16.69,16.7,16.58,149852,600000,16.576 ,16.439 ,16.395 
1196,2017/1/25,16.69,16.69,16.74,16.61,112848,600000,16.618 ,16.492 ,16.379 
1197,2017/1/26,16.69,16.74,16.84,16.61,86029,600000,16.658 ,16.554 ,16.365 
1198,2017/2/3,16.82,16.63,16.85,16.62,81742,600000,16.664 ,16.590 ,16.362 
1199,2017/2/6,16.75,16.66,16.78,16.66,134558,600000,16.682 ,16.600 ,16.362 
1200,2017/2/7,16.65,16.67,16.74,16.63,147592,600000,16.678 ,16.627 ,16.367 
1201,2017/2/8,16.63,16.67,16.69,16.54,112388,600000,16.674 ,16.646 ,16.380 
1202,2017/2/9,16.68,16.72,16.77,16.59,113930,600000,16.670 ,16.664 ,16.394 
1203,2017/2/10,16.76,16.78,16.84,16.7,139852,600000,16.700 ,16.682 ,16.413 
1204,2017/2/13,16.88,16.85,16.9,16.78,199928,600000,16.738 ,16.710 ,16.435 
1205,2017/2/14,16.87,16.75,16.88,16.74,129872,600000,16.754 ,16.716 ,16.452 
1206,2017/2/15,16.82,16.84,16.93,16.75,256880,600000,16.788 ,16.731 ,16.475 
1207,2017/2/16,16.88,16.78,16.91,16.76,163278,600000,16.800 ,16.735 ,16.498 
1208,2017/2/17,16.78,16.64,16.82,16.59,138636,600000,16.772 ,16.736 ,16.517 
1209,2017/2/20,16.62,16.91,16.98,16.62,299499,600000,16.784 ,16.761 ,16.541 
1210,2017/2/21,16.88,16.88,17.08,16.81,175091,600000,16.810 ,16.782 ,16.560 
1211,2017/2/22,16.88,16.75,16.9,16.73,170322,600000,16.792 ,16.790 ,16.574 
1212,2017/2/23,16.78,16.69,16.83,16.64,150111,600000,16.774 ,16.787 ,16.587 
1213,2017/2/24,16.67,16.71,16.75,16.66,115949,600000,16.788 ,16.780 ,16.605 
1214,2017/2/27,16.69,16.59,16.72,16.53,137322,600000,16.724 ,16.754 ,16.618 
1215,2017/2/28,16.58,16.59,16.67,16.53,120979,600000,16.666 ,16.738 ,16.631 
1216,2017/3/1,16.58,16.56,16.62,16.52,162269,600000,16.628 ,16.710 ,16.644 
1217,2017/3/2,16.62,16.41,16.62,16.39,189966,600000,16.572 ,16.673 ,16.654 
1218,2017/3/3,16.42,16.35,16.43,16.32,124294,600000,16.500 ,16.644 ,16.657 
1219,2017/3/6,16.37,16.41,16.53,16.35,157037,600000,16.464 ,16.594 ,16.652 
1220,2017/3/7,16.38,16.43,16.45,16.37,93198,600000,16.432 ,16.549 ,16.653 
1221,2017/3/8,16.4,16.39,16.44,16.35,101096,600000,16.398 ,16.513 ,16.650 
1222,2017/3/9,16.37,16.22,16.4,16.22,173660,600000,16.360 ,16.466 ,16.639 
1223,2017/3/10,16.23,16.23,16.28,16.17,163963,600000,16.336 ,16.418 ,16.627 
1224,2017/3/13,16.23,16.34,16.34,16.16,179501,600000,16.322 ,16.393 ,16.619 
1225,2017/3/14,16.34,16.26,16.35,16.24,169889,600000,16.288 ,16.360 ,16.605 
1226,2017/3/15,16.24,16.24,16.28,16.17,189003,600000,16.258 ,16.328 ,16.590 
1227,2017/3/16,16.27,16.29,16.35,16.25,190365,600000,16.272 ,16.316 ,16.575 
1228,2017/3/17,16.3,16.2,16.32,16.14,215603,600000,16.266 ,16.301 ,16.560 
1229,2017/3/20,16.24,16.14,16.25,16.13,150178,600000,16.226 ,16.274 ,16.543 
1230,2017/3/21,16.15,16,16.16,15.98,311246,600000,16.174 ,16.231 ,16.521 
1231,2017/3/22,15.98,15.78,15.98,15.7,438114,600000,16.082 ,16.170 ,16.491 
